bounce,category,category_rank,company,country_rank,global_rank,organic_search,paid_search,phone,ppv,time,traffic_direct,traffic_display,traffic_mail,traffic_referrals,traffic_search,traffic_social,url,visits
40.33%,Retail,393,La Annima,"4,188","304,503",100%,0%,,3.68,00:03:11,22.98%,0%,9.29%,6.87%,58.44%,2.42%,laanonima.com.ar,84.7K
48.99%,Abogados,"8,667",Gonzlez Frea_ Naudin Abogados,"139,292","3,242,508",,,,1.37,00:00:23,13.30%,0%,0%,0%,86.70%,0%,gonzalezfrea.com.ar,6.9K
74.13%,,"1,329",Overhard Digital,"10,216","640,953",89.94%,10.06%,(11) 4858-0985,1.82,00:01:45,46.02%,0%,0%,13.28%,33.35%,7.36%,overhard.com.ar,48.8K
45.04%,,"33,619",Must Mobile,"238,937","10,845,468",,,,1.17,00:00:04,0%,0%,0%,13.56%,81.36%,5.07%,mustmobile.com,1.0K
72.39%,Telefona,"2,044",Motorolla,"1,189","101,771",56.51%,43.49%,,2.00,00:01:26,19.12%,0.76%,5.56%,5.28%,53.32%,15.96%,motorola.com.ar,446.7K
37.68%,Compras colectivas,48,Groupon,157,"15,979",71.35%,28.65%,,5.56,00:05:36,0%,1.59%,58.09%,7.75%,26.56%,6.01%,groupon.com.ar,2.2M
26.16%,Retail,,Locademia,,,100%,0%,,5.28,00:03:56,13.44%,0%,12.56%,28.33%,26.83%,18.85%,locademia.racingclub.com.ar,38.7K
31.64%,,"26,883",Ver,"3,697","268,521",100%,0%,4383-0550,7.99,00:04:17,19.21%,0%,7.81%,11.31%,53.95%,7.72%,ver.com.ar,69.2K
0%,eCommerce & Social media,,Formato Diseo,,,,,,0.00,00:00:00,0%,0%,0%,0%,0%,0%,formatodiseno.com.ar,0
29.35%,Logstica,"80,189",Urbano,"13,194","830,626",100%,0%,0810 222 8782,3.47,00:02:08,63.56%,0%,0.67%,11.02%,22.72%,2.02%,urbano.com.ar,25.0K
6.74%,Turismo,"62,133",Top Trip,"112,881","5,165,409",,,,4.56,00:03:13,20.61%,0%,0%,30.36%,49.03%,0%,toptrip.com,2.0K
43.20%,Turismo,"5,654",Transatlntica Viajes y Turismo,"6,876","458,693",100%,0%,,3.61,00:04:42,15.74%,0%,10.36%,31.79%,31.85%,10.26%,transatlantica.travel,50.5K
0%,Retail,"102,973",Rataparula,"199,748","9,472,829",,,,3.42,00:00:27,100.00%,0%,0%,0%,0%,0%,rataparula.com,760
51.50%,Compras colectivas,"1,864",Ofertona,"26,717","1,592,566",,,,3.33,00:02:08,0%,0%,57.40%,8.35%,34.25%,0%,ofertona.net,9.9K
30.02%,Retail,"149,296",Lombardi,"28,176","1,671,068",,,,3.27,00:04:26,7.82%,0%,1.81%,15.66%,74.71%,0%,lombardi.com.ar,9.7K
41.16%,Investigacin de mercado,"21,478",OH!Panel,"3,865","224,414",100%,0%,,9.27,00:07:33,21.08%,0.27%,68.54%,6.30%,1.64%,2.17%,ohpanel.com,81.1K
76.75%,Retail,"166,700",ArgSale,"19,419","1,189,075",,,,1.76,00:01:41,16.79%,0%,39.58%,1.20%,23.25%,19.19%,argsale.com,22.2K
17.97%,Retail,"71,432",Alpine Skate,"52,936","3,028,026",,,,3.56,00:00:52,0%,0%,3.33%,18.33%,68.33%,10.00%,alpineskate.com,3.8K
56.68%,Retail,"716,569",Quilmes Store,"74,977","4,134,480",,,,2.38,00:00:56,0%,0%,0%,87.93%,1.72%,10.34%,quilmesstore.com,3.0K
24.37%,Retail,"60,984",Perozzi e Hijo,"10,701","683,426",99.57%,0.43%,4258-8322,7.44,00:06:18,11.11%,0%,0.98%,5.23%,80.72%,1.96%,perozzi.com.ar,20.7K
48.33%,,"17,105",VTEX,"10,502","202,748",100%,0%,,5.10,00:05:51,37.20%,0%,3.18%,21.06%,37.49%,1.06%,vtex.com,133.8K
32.41%,,"38,490",Tannery,"63,941","3,503,183",,,0341 4560800,3.61,00:01:18,0%,0%,0%,13.04%,73.91%,13.04%,tannery.com.ar,3.1K
71.66%,,"1,292,728",Cento,"524,664","6,978,123",,,03564-435444,3.56,00:01:53,0%,0%,0%,0%,100.00%,0%,cento.com.ar,994
43.33%,Turismo,"8,106",Viajes Tierra Sinai,"30,502","638,741",60.43%,39.57%,,1.64,00:01:46,6.19%,0%,0%,0.39%,93.42%,0%,tierrasinai.com,72.3K
43.75%,Retail,"8,266",Cardon,"11,715","736,347",96.92%,3.08%,,2.92,00:02:11,0%,5.14%,22.86%,20.77%,41.14%,10.09%,cardon.com.ar,30.1K
34.66%,Retail,"11,770",Meroli Hogar,"22,988","1,383,179",,,,3.14,00:01:51,9.28%,0%,1.13%,42.34%,46.87%,0.38%,meroli.com,12.4K
47.39%,,"11,240",Syntaxis,"21,492","1,308,104",,,0291-4563037,4.79,00:06:20,51.25%,0%,0%,10.47%,21.59%,16.69%,syntaxis.com.ar,12.7K
46.09%,Retail,"19,420",Avellaneda Ropa,"24,880","1,509,327",,,,3.33,00:02:49,10.19%,0%,0%,5.56%,84.26%,0%,avellanedaropa.com,11.1K
40.37%,,"708,652",Fizzmod,"93,246","4,094,569",,,+54 11 4833 4434,2.41,00:00:45,56.17%,0%,0%,20.41%,21.56%,1.86%,fizzmod.com,3.2K
53.44%,,"8,544",Ona Saez,"9,323","597,493",81.28%,18.72%,011.5245.6733,3.84,00:02:58,13.13%,0%,0%,17.57%,58.70%,10.60%,onasaez.com,37.4K
,,,Develar Group,,,,,,,,,,,,,,develargroup.com.ar,
55.53%,Cosmtica y Belleza,"6,070",Nivea,834,"71,292",94.15%,5.85%,1145530040,4.33,00:03:47,17.06%,16.75%,12.15%,21.13%,15.34%,17.57%,linio.com.ar,471.4K
0%,,,Brandolutions,,,,,,0.00,00:00:00,0%,0%,0%,0%,0%,0%,brandolutions.com,0
37.75%,,"121,997",Merln Data Quality,"14,978","919,223",100%,0%,,7.80,00:17:31,39.70%,0%,16.53%,37.09%,6.69%,0%,merlindataquality.com,18.3K
35.48%,Retail,"15,860",Tonel Privado,"2,437","187,928",50.05%,49.95%,,9.70,00:05:59,15.34%,0%,12.64%,15.37%,30.01%,26.64%,tonelprivado.com,94.7K
45.46%,Compras colectivas,"4,642",TuQupon,"169,818","7,645,560",,,,2.48,00:00:17,0%,0%,83.30%,0%,16.70%,0%,tuqupon.com,1.0K
35.42%,Retail,"1,143,370",Moblar,"121,073","6,248,434",,,,4.34,00:04:41,0%,0%,0%,0%,100.00%,0%,moblar.com.ar,1.1K
21.51%,,"44,704",Class Life,"20,438","1,236,044",,,(+54 11) 2075 5004,10.67,00:08:16,23.22%,0%,2.40%,20.82%,40.75%,12.81%,class-life.com,7.9K
,Retail,,IP Tickets,,,,,,,,,,,,,,ipticket.net,
38.15%,Logstica,108,Correo Argentino,232,"21,811",100%,0%,,3.10,00:03:45,37.42%,0.04%,4.92%,9.74%,46.85%,1.03%,correoargentino.com.ar,2.2M
29.47%,Retail,"16,276",Markova,"6,485","441,585",100%,0%,,5.25,00:05:08,1.17%,0%,32.73%,12.47%,29.48%,24.16%,markova.com,45.5K
25.82%,Retail,"477,031",Cortinera Confort,"50,360","2,897,244",,,,4.90,00:03:37,11.54%,0%,0%,0%,88.46%,0%,cortineriaconfort.com,3.7K
51.51%,Logstica,"217,120",eTrans,"216,056","9,205,901",,,,1.88,00:03:39,0%,0%,0%,16.34%,71.71%,11.95%,etrans.com.ar,962
100.00%,Pagos,"4,230,219",DEBITA,"615,835","22,181,303",,,,1.00,00:00:00,0%,0%,0%,0%,0%,100.00%,debita.com,209
31.89%,Tecnologa,"397,952",Distecna,"44,829","2,478,154",,,5166-3400,1.87,00:00:29,47.94%,0%,0%,18.69%,20.71%,12.66%,distecna.com,7.4K
,Retail,,xuangi,,,,,,,,,,,,,,xuangi.com,
48.09%,Servicios Financieros,,Moon Money Online,"46,805","2,657,286",,,(011) 5217-3142,2.64,00:01:48,58.00%,8.70%,4.35%,11.56%,1.45%,15.95%,moonmoneyonline.com,5.5K
43.65%,,"12,304",Allytech,"38,731","2,119,261",,,,3.05,00:04:32,42.38%,0%,0%,14.58%,43.04%,0%,allytech.com,6.8K
69.87%,,,Ship Now,"68,199","3,785,419",,,,1.39,00:00:13,15.81%,0%,11.86%,5.15%,63.24%,3.95%,shipnow.com.ar,5.1K
21.02%,Retail,"8,475",Wanama,"9,201","592,752",100%,0%,,6.04,00:03:33,4.00%,0%,16.42%,11.37%,61.68%,6.53%,wanama.com,28.1K
33.59%,,"3,646",Ideasenfoto,"11,995","754,788",100%,0%,,5.91,00:04:55,0%,0%,51.50%,18.30%,30.21%,0%,ideasenfoto.com,20.7K
35.28%,Retail,"989,102",Abideco,"110,498","5,490,098",,,,2.41,00:01:22,0%,0%,4.89%,29.34%,65.77%,0%,abideco.com.ar,2.1K
38.45%,Retail,"9,043",Prime Club,"9,830","632,435",60.16%,39.84%,,4.69,00:04:44,0%,0.18%,41.61%,13.42%,43.70%,1.09%,primeclub.com.ar,29.4K
0%,Retail,"290,996",Chicha y Limonada,"284,232","12,597,029",,,,3.00,00:07:50,0%,0%,0%,100.00%,0%,0%,chichaylimonada.com,360
53.76%,,"1,334,163",Estudio12,"143,072","7,179,987",,,011-5269- 2590,1.86,00:01:05,0%,0%,0%,0%,73.33%,26.67%,estudio12.com.ar,1.7K
40.37%,Retail,292,Sportline,902,"80,473",57.08%,42.92%,,5.64,00:05:23,25.18%,0.49%,14.67%,13.73%,44.67%,1.26%,sportline.com.ar,360.1K
19.46%,Retail,"4,195",Muaa,"4,105","274,859",87.89%,12.11%,,10.27,00:05:53,26.56%,0.51%,0%,13.68%,49.87%,9.39%,muaa.com.ar,61.5K
50.01%,Plataformas,67,Buscap,"8,046","181,056",100%,0%,,4.75,00:02:47,20.34%,0.03%,18.55%,45.07%,15.28%,0.73%,buscapecompany.com,139.1K
17.07%,,,Devr,"76,468","3,849,722",,,(11) 4556-4200,2.61,00:04:46,0%,0%,0%,21.90%,66.16%,11.94%,devre.la,3.2K
,Retail,,LOYALTY STORE,,,,,,,,,,,,,,loyaltystore.com.ar,
44.95%,Retail,"1,521",Megatone,"2,046","158,249",72.97%,27.03%,,3.28,00:03:12,9.11%,17.40%,4.36%,13.59%,53.80%,1.74%,megatone.net,197.7K
0%,Turismo,,Austral Assistance,,,,,,0.00,00:00:00,0%,0%,0%,0%,0%,0%,australassistance.com,0
36.46%,Retail,361,Necxus,"2,473","191,344",99.31%,0.69%,,4.77,00:04:26,19.12%,0.19%,41.21%,9.55%,27.84%,2.09%,necxus.com.ar,135.4K
65.55%,Medios de comunicacin,"2,259",Diario Crnica,214,"19,218",100%,0%,,2.14,00:03:25,25.84%,0.00%,0.31%,5.73%,25.67%,42.44%,cronica.com.ar,3.0M
0%,Turismo,,Egresados.com,,,,,,0.00,00:00:00,0%,0%,0%,0%,0%,0%,egresados.com,0
82.87%,Retail,"263,062",Walkin Berlin,"28,956","1,741,658",,,,1.51,00:00:37,4.51%,0%,0%,0.75%,0%,94.74%,walkinberlin.com.ar,14.2K
21.26%,Retail,,Inkpronta,"74,168","4,104,476",,,,5.95,00:11:30,3.13%,0%,0%,28.13%,65.63%,3.13%,inkpronta.com,1.9K
35.46%,Retail,"13,550",Arredo,"2,008","154,451",79.49%,20.51%,,6.99,00:05:29,8.86%,0.76%,32.59%,12.94%,31.47%,13.37%,arredo.com.ar,148.1K
,Emprendedores,,Canal Ingles,,,,,,,,,,,,,,canalingles.net,
43.69%,,"11,932",ClickOn,"1,812","142,531",85.04%,14.96%,,3.89,00:04:19,6.70%,2.02%,53.27%,12.34%,22.83%,2.84%,clickon.com.ar,211.4K
0%,Marketing Online,,Pragmativa,,,,,,0.00,00:00:00,0%,0%,0%,0%,0%,0%,pragmativa.com,0
38.48%,Retail,"2,138",Fotter,"1,639","132,571",64.14%,35.86%,0810-345-FOTTER,6.58,00:05:32,0%,0.97%,41.22%,9.37%,31.75%,16.69%,fotter.com.ar,183.6K
,Servicios Financieros,,Cordial,,,,,,,,,,,,,,cordialservicios.com,
42.27%,,"39,629",Fabr Sommiers,"142,756","7,166,063",,,(5411) 4951-7735,2.45,00:00:57,0%,0%,0%,0%,100.00%,0%,fabresommiers.com.ar,1.1K
0%,,,Klyver & Asociados,,,,,,0.00,00:00:00,0%,0%,0%,0%,0%,0%,klyveryasociados.com.ar,0
71.34%,,"23,732",Execuzone,"99,122","5,273,783",,,,1.27,00:00:43,5.56%,0%,0%,5.56%,88.89%,0%,execuzone.com,3.4K
64.77%,,"313,649",WebExperto Software,"122,454","5,519,130",,,,1.47,00:00:19,23.55%,0%,0%,43.18%,29.34%,3.93%,web-experto.com.ar,2.3K
33.26%,,"873,211",Engee,"300,053","9,954,158",,,,1.67,00:00:10,0%,0%,0%,61.63%,38.37%,0%,engee.com.ar,739
32.93%,,,Tienda Lbero,"26,959","1,625,840",,,0810-888-6775,9.02,00:06:19,20.00%,0%,18.95%,1.05%,37.89%,22.11%,tiendalibero.com.ar,6.1K
19.20%,Turismo,679,PLATAFORMA 10,810,"69,900",91.58%,8.42%,50322449,4.92,00:05:15,23.29%,0%,3.01%,20.78%,52.31%,0.63%,plataforma10.com,454.5K
18.82%,Pagos,"4,512",NPS,"2,034","156,921",100%,0%,,2.34,00:03:32,2.22%,0%,0%,97.12%,0.49%,0.17%,nps.com.ar,240.2K
24.86%,,"5,854",Gepetto,"81,867","4,467,240",,,48246405,3.59,00:02:07,0%,0%,0%,3.57%,75.00%,21.43%,gepetto.com.ar,2.2K
28.95%,,195,ZonaJobs,183,"17,927",97.92%,2.08%,,9.90,00:07:54,20.54%,0.09%,22.51%,27.53%,23.58%,5.74%,zonajobs.com.ar,1.5M
16.17%,Retail,"496,650",Juarez Confort,"52,404","3,000,725",,,,6.51,00:03:40,0%,0%,0%,2.38%,97.62%,0%,juarezconfort.com.ar,3.1K
14.90%,Retail,"28,186",The Coco Room,"40,266","2,364,528",,,,5.54,00:03:39,16.39%,0%,3.51%,45.67%,34.42%,0%,thecocoroom.com,4.7K
81.86%,Retail,"1,639,304",Odontotienda,"443,622","8,662,468",,,,1.18,00:01:20,56.32%,0%,0%,0%,43.68%,0%,odontotienda.com.ar,1.1K
100.00%,Turismo,"213,846",Lip Travel,"702,460","24,075,560",,,,1.00,00:00:00,0%,0%,0%,100.00%,0%,0%,liptravel.com,175
0%,,,Alekart,,,,,,0.00,00:00:00,0%,0%,0%,0%,0%,0%,alekart.com.ar,0
67.57%,,"26,130",Kactus inbound & Content Marketing,"302,528","8,430,732",,,,1.11,00:01:37,19.87%,0%,0%,63.36%,16.77%,0%,kactus.com.ar,1.5K
87.55%,Clasificados,248,OLX,"37,081","44,794",100%,0%,,1.38,00:00:52,50.59%,0.02%,4.25%,9.00%,35.36%,0.78%,olx.com,1.6M
23.41%,eCommerce & Social media,"105,779",Ecom Expert,"20,976","816,812",57.12%,42.88%,,8.41,00:29:11,32.24%,0%,0.53%,63.99%,3.07%,0.18%,ecomexperts.com,19.1K
44.23%,Pagos,"541,658",Mango,"317,024","3,235,133",,,,1.87,00:00:52,11.58%,0%,0%,34.75%,43.53%,10.14%,getmango.com,5.0K
42.88%,,,CONNAXIS Argentina,,,100%,0%,,1.89,00:00:25,6.22%,0%,0%,87.55%,6.22%,0%,argentina.connaxis.com,1.0K
25.45%,Retail,"49,422",Chino Mayorista,"8,730","560,323",99.46%,0.54%,4951-4990,12.90,00:11:34,3.77%,0%,25.06%,13.46%,54.74%,2.96%,chinomayorista.com.ar,20.4K
1.42%,,"203,767",BsAs Sur Autos,"235,327","10,855,337",,,4292-4110,3.23,00:01:18,0%,0%,0%,0%,100.00%,0%,bsassurautos.com.ar,468
64.90%,Retail,"141,759",Nutrasalud,"96,819","5,166,355",,,,2.59,00:01:17,0%,0%,0%,0%,22.22%,77.78%,nutrasalud.com.ar,2.0K
33.40%,Hardware & software,"68,615",Toolkit,"32,852","1,928,500",,,,3.40,00:01:56,15.98%,0%,0%,13.98%,62.71%,7.33%,toolkit.com.ar,7.8K
40.07%,Turismo,"131,553",Aspen Hoteles,"235,089","9,737,549",,,,1.00,00:00:00,0%,0%,0%,0%,100.00%,0%,aspenhotels.com.ar,1.9K
50.71%,,"132,750",Home Collection,"25,180","1,480,008",,,0810 345 1222,4.37,00:02:26,0%,0%,21.78%,0.68%,53.04%,24.50%,homecollection.com.ar,9.8K
48.68%,,"5,372",123 Seguro,"16,912","979,683",62.91%,37.09%,0800-3456-123,2.27,00:02:25,38.14%,5.21%,0.74%,3.97%,51.69%,0.25%,123seguro.com,22.8K
20.89%,,"52,390",IBM,"58,980","2,674,398",,,,3.42,00:09:29,39.55%,0%,0%,59.62%,0.83%,0%,ibm.com.ar,5.3K
40.76%,,"710,996",Magnaverum,"190,711","8,057,736",,,,2.49,00:00:14,0%,0%,0%,0%,100.00%,0%,magnaverum.com,982
26.75%,Retail,"15,736",Portofem,"19,617","1,179,888",,,,7.53,00:06:06,11.50%,0%,30.20%,20.43%,37.87%,0%,portofem.com,9.9K
60.40%,,"329,521",Tienda Virtual,"38,914","2,107,286",,,0810-888-4363,1.84,00:01:36,6.62%,0%,0%,3.82%,85.74%,3.82%,tiendavirtual.com,9.1K
,Marketing Mvil,,Clinc,,,,,,,,,,,,,,"clinc.com.ar,clincshop.com.ar",
13.80%,Bancos,90,HSBC,126,"13,039",99.66%,0.34%,,12.05,00:08:43,35.21%,0.13%,9.77%,21.51%,31.25%,2.13%,hsbc.com.ar,1.9M
,Turismo,,Manos Libres Turismo,,,,,,,,,,,,,,manoslibresturismo.com.ar,
69.45%,,"326,941",NetOne,"159,778","7,227,031",,,,2.09,00:07:44,52.81%,0%,0%,0%,47.19%,0%,netone.com.ar,1.2K
50.01%,Logstica,"516,850",Fast Track,"55,992","3,105,889",,,0810-888-3278,2.40,00:01:41,9.07%,0%,0%,16.63%,74.29%,0%,fasttrack.com.ar,4.7K
65.55%,Medios de comunicacin,"2,259",Grupo Crnica,214,"19,218",100%,0%,,2.14,00:03:25,25.84%,0.00%,0.31%,5.73%,25.67%,42.44%,cronica.com.ar,3.0M
34.38%,Retail,"19,338",Newsport,"13,610","848,242",97.13%,2.87%,,7.01,00:05:37,9.36%,0%,1.17%,6.24%,83.23%,0%,newsport.com.ar,16.0K
33.94%,,"3,712",Globant,"5,526","246,033",100%,0%,,4.02,00:04:16,44.27%,0%,4.30%,22.58%,25.79%,3.05%,globant.com,119.8K
58.07%,Retail,"6,023",Farmacity,"28,993","1,744,445",,,,1.57,00:01:17,0%,0%,7.74%,0.65%,0.65%,90.97%,e-farmacity.com,13.6K
60.26%,Retail,"2,868,752",M & A Industrial / Comercial,"346,458","14,731,723",,,,1.85,00:01:42,0%,0%,0%,100.00%,0%,0%,myacomercial.com.ar,438
57.24%,,"145,316",Clienting/Live,"143,415","6,709,500",,,,2.29,00:00:31,6.57%,0%,0%,21.19%,72.25%,0%,clienting.com.ar,1.5K
56.89%,,"36,557",Seo Posicionamiento Express,"162,791","6,468,275",,,,1.78,00:00:09,0%,0%,0%,60.15%,36.09%,3.76%,posicionamiento-seoexpress.com,1.6K
0%,Salud,"218,194",Juan Novacek S.A,"168,191","8,218,048",,,(5411) 4821-9380,10.39,00:02:14,0%,0%,0%,0%,100.00%,0%,novacekdental.com.ar,637
0%,,,Meln Comunicaciones,,,,,,0.00,00:00:00,0%,0%,0%,0%,0%,0%,meloncomunicaciones.com.ar,0
100.00%,,,ITBN,"522,278","19,743,967",,,54-11-4776-6086,1.00,00:00:00,50.00%,0%,0%,0%,50.00%,0%,itbnsa.com,266
70.86%,,,Ulula Information Technology,,,,,+54.11.4654.4767,1.62,00:00:21,0%,0%,0%,0%,0%,0%,ulula.net,823
0%,,,Sibari,,,,,0341-4855840,0.00,00:00:00,0%,0%,0%,0%,0%,0%,sibari-style.com.ar,0
0%,Turismo,,VON TRIP,,,,,,0.00,00:00:00,0%,0%,0%,0%,0%,0%,vontrip.com,0
37.51%,,"7,788",Elepants,"8,378","542,026",60.63%,39.37%,(+54) 011 - 4833 - 5749,4.52,00:05:07,31.12%,0.14%,6.82%,11.53%,36.04%,14.35%,elepants.com.ar,36.1K
46.64%,Servicios,73,Nosis,"1,003","58,834",98.03%,1.97%,,3.21,00:02:25,18.55%,0.09%,0.06%,7.23%,73.80%,0.27%,nosis.com,707.6K
34.84%,,"481,839",Pony,"121,782","6,189,723",,,4131-2602,1.50,00:02:17,0%,0%,0%,3.70%,96.30%,0%,shop.ponyarg.com,2.1K
,Pagos,,Colppy,,,,,,,,,,,,,,http.,
,Turismo,,Bongiorno Travel,,,,,,,,,,,,,,bongiornotravel.com,
36.63%,Telefona,194,Claro,99,"10,517",86.72%,13.28%,,5.32,00:05:29,46.76%,0.21%,1.94%,10.46%,39.19%,1.44%,claro.com.ar,3.6M
52.56%,Retail,"466,311",Ansila,"97,867","5,215,573",,,,1.83,00:00:14,2.13%,0%,0%,0%,97.87%,0%,ansila.com.ar,2.4K
49.86%,,"1,051",Cablevisin,196,"19,015",99.95%,0.05%,,3.46,00:03:03,23.30%,0.42%,23.04%,19.92%,32.01%,1.31%,cablevisionfibertel.com.ar,2.3M
20.98%,Turismo,"4,212",Ati Viajes,"4,962","351,080",100%,0%,,6.51,00:05:39,6.98%,0%,3.47%,8.22%,78.28%,3.05%,ativiajes.com,54.0K
46.01%,Turismo,475,Best Day Travel,"1,181","101,753",32.66%,67.34%,0810 122 4683,3.50,00:05:02,12.92%,5.59%,13.97%,13.14%,52.96%,1.43%,bestday.com.ar,339.5K
88.14%,Servicios,"220,875",AUTOS EN CUOTAS.COM,"345,791","12,047,264",,,0810.345.0042,1.00,00:00:00,0%,0%,0%,43.32%,56.68%,0%,autosencuotas.com,786
68.53%,,"193,241",Signos,"96,752","4,026,507",,,,2.01,00:01:18,13.99%,0%,0%,13.61%,72.40%,0%,pcsignos.com.ar,3.4K
57.81%,Retail,,Legion Extranjera,"70,545","3,412,767",,,,2.32,00:01:39,31.91%,0%,0%,2.23%,63.63%,2.23%,legionextranjera.com.ar,4.3K
,,,Electra Store,,,,,+54 11 4129-4600,,,,,,,,,electrastore.com.ar,
22.43%,Retail,"1,307",Rentacar.com.ar,"53,815","2,939,707",,,,2.69,00:01:14,29.63%,0%,0%,1.27%,69.10%,0%,rentacar.com.ar,4.8K
100.00%,,"60,085",Edrans,"467,679","18,504,713",,,,1.00,00:00:00,100.00%,0%,0%,0%,0%,0%,edrans.com,302
34.55%,Retail,"51,074",Morph,"7,238","450,642",100%,0%,,7.33,00:03:56,17.52%,0%,1.35%,15.81%,51.80%,13.53%,morph.com.ar,36.4K
,Marketing Online,,Tripolis,,,,,4711 8958.,,,,,,,,,tripolis.com.ar,
54.98%,Retail,"43,445",Gastronoma Bashir,"52,146","2,748,898",,,,2.86,00:02:43,21.44%,0%,0%,1.48%,77.08%,0%,gastronomiabashir.com.ar,5.4K
37.42%,Retail,112,Garbarino SA,96,"10,293",60.04%,39.96%,,5.13,00:04:30,5.75%,4.50%,25.79%,13.38%,44.86%,5.72%,garbarino.com,3.6M
7.98%,,"1,451,880",Bellavita Cultivos,"156,791","7,754,384",,,(+54 11) 4635-7627,2.67,00:02:09,0%,0%,0%,0%,50.00%,50.00%,bellavitacultivos.com.ar,1.0K
28.63%,,,Adventures Point,"182,948","8,807,619",,,0810 888 8489,2.48,00:00:26,0%,0%,0%,14.29%,85.71%,0%,adventuresshop.com.ar,811
0%,Capacitacin,,Avanzando Derecho,,,,,,0.00,00:00:00,0%,0%,0%,0%,0%,0%,avanzandoderecho.com.ar,0
21.56%,,,Malvinas Electroboutique,"107,051","5,628,216",,,0810.888.8989,3.72,00:07:49,52.78%,0%,0%,47.22%,0%,0%,malvinaselectro.com,1.5K
28.33%,,"27,866",Summa Solutions,"21,063","1,189,957",,,(5411) 4836.2596,11.90,00:15:22,77.23%,0%,0%,15.69%,6.63%,0.45%,summasolutions.net,8.7K
36.66%,,"23,138",Gua Prpura,"3,809","271,361",100%,0%,,4.68,00:07:37,15.88%,0%,0.18%,10.86%,69.98%,3.10%,guiapurpura.com.ar,87.3K
57.18%,Retail,"88,014",Taverniti,"11,455","703,068",74.5%,25.5%,,4.06,00:02:19,20.83%,5.98%,0%,2.24%,64.97%,5.98%,taverniti.com.ar,28.4K
56.61%,Compras colectivas,"1,116",Descontate,"11,139","708,361",54.07%,45.93%,,2.79,00:03:06,0%,0%,70.63%,17.30%,11.89%,0.18%,descontate.com,31.8K
48.62%,,63,Aerolneas Argentinas,123,"10,771",69.92%,30.08%,0810-222-86527,4.34,00:04:56,32.35%,2.70%,6.34%,10.11%,44.66%,3.85%,aerolineas.com.ar,3.9M
46.26%,Plataformas,"3,397",Ticketek,304,"28,572",98.99%,1.01%,,4.79,00:03:47,19.49%,0.18%,4.73%,14.40%,48.19%,13.01%,ticketek.com.ar,1.3M
0%,Marketing Online,,Jamaica Inc,,,,,,0.00,00:00:00,0%,0%,0%,0%,0%,0%,jamaicainc.com.ar,0
55.65%,,712,Producteca,"67,653","2,808,424",,,+54 (11) 5368-0401,3.61,00:03:43,66.60%,1.05%,0%,8.20%,23.09%,1.05%,producteca.com,4.3K
51.79%,Hardware & software,"1,236",Eset,"2,526","40,056",88.94%,11.06%,,2.86,00:02:31,31.75%,0.50%,1.65%,10.87%,47.02%,8.21%,eset-la.com,1.1M
55.50%,,"21,996",Mabe Argentina,"77,078","1,321,253",,,44898900,2.22,00:01:07,40.61%,0%,0%,4.67%,54.72%,0%,mabe.com.ar,14.9K
75.11%,Seguros,,Omint Assistance,"41,663","2,353,012",,,,1.75,00:01:03,12.97%,12.97%,0%,25.13%,48.94%,0%,omintassistance.com.ar,8.5K
,Retail,,Rosen,,,,,,,,,,,,,,rosen.com.ar,
100.00%,Consultoria,"5,436,884",Brainsted,"2,297,998","29,842,221",,,,1.00,00:00:00,0%,0%,0%,0%,0%,100.00%,brainsted.com,97
45.75%,Retail,"30,425",Las Margaritas,"4,115","296,997",67.95%,32.05%,,4.10,00:04:29,6.82%,0.09%,15.48%,6.08%,64.52%,7.00%,lasmargaritas.com.ar,84.1K
0%,,,Triptongo,,,,,,0.00,00:00:00,0%,0%,0%,0%,0%,0%,triptongo.com.ar,0
38.00%,Retail,"11,484",Diablo Soy,"14,007","819,021",86.89%,13.11%,,4.34,00:03:03,10.74%,0%,0.83%,30.94%,14.19%,43.29%,diablosoy.com,21.2K
37.35%,,"60,268",Ven a Green Park,"108,518","4,991,739",,,0810-555-7868,3.03,00:03:34,5.20%,0%,0%,84.97%,9.83%,0%,veniagreenpark.com,1.9K
81.76%,Compras colectivas,,Letsbonus,,,,,,1.00,00:00:00,100.00%,0%,0%,0%,0%,0%,ar.letsbonus.com,203
0%,Logstica,,Not Lazy,"338,965","15,406,063",,,,2.51,00:00:44,49.02%,0%,0%,0%,50.98%,0%,notlazy.com.ar,271
40.37%,,"1,434,474",Visin Empresarial Comunicacin,"240,025","7,668,903",,,,1.79,00:00:12,17.79%,0%,0%,15.02%,52.16%,15.02%,visionempresarial.info,1.1K
,,,Grupo Andreani,,,,,,,,,,,,,,andreani.com.ar,
38.79%,Turismo,"3,622",Submarino Viajes,"3,152","239,342",52.52%,47.48%,0810 122 0136,4.27,00:03:33,4.65%,0.05%,39.46%,24.99%,27.53%,3.30%,submarinoviajes.com.ar,109.6K
16.78%,Bancos,227,Banco Hipotecario,310,"29,798",99.93%,0.07%,,4.59,00:05:03,43.56%,0.02%,4.06%,14.46%,37.20%,0.70%,hipotecario.com.ar,1.3M
,Entretenimientos,,Weegoo,,,,,,,,,,,,,,weegoo.com.ar,
68.94%,Turismo,"46,248",Aero,"69,171","3,728,099",,,,3.99,00:03:11,2.17%,0%,0%,0%,97.83%,0%,aero.tur.ar,2.8K
19.03%,Retail,"7,067",Las Oreiro,"7,767","484,144",100%,0%,,8.21,00:03:49,17.35%,0%,0%,17.06%,47.57%,18.02%,lasoreiro.com,32.3K
74.93%,Turismo,"5,140",Ceibo Viajes,"6,153","419,421",76.38%,23.62%,,2.46,00:01:29,5.43%,0.14%,4.60%,0.84%,29.47%,59.52%,ceibo-viajes.com,67.6K
53.76%,,"106,255",Increase,"13,682","819,960",100%,0%,,2.21,00:02:21,55.84%,0%,0.66%,4.64%,38.63%,0.22%,increasecard.com,31.8K
33.43%,Retail,"330,025",Distri Electro,"35,490","2,110,035",,,,5.26,00:04:54,37.12%,4.55%,0%,15.91%,42.42%,0%,distrielectro.com.ar,5.6K
47.67%,Retail,"50,355",Su Promocin,"54,977","2,970,052",,,,3.86,00:02:34,4.91%,0%,0%,0%,95.09%,0%,supromocion.com.ar,4.2K
59.44%,Turismo,346,Travelport,"43,863","38,368",99.78%,0.22%,,3.01,00:03:13,25.48%,0.01%,15.03%,46.12%,12.89%,0.46%,travelport.com,1.4M
0%,Entretenimientos,,Arcano,,,,,,0.00,00:00:00,0%,0%,0%,0%,0%,0%,arcanoonline.com,0
13.43%,,"1,687,148",Kudos Estudio,"209,297","8,894,465",,,(0351) 571-6714 / (011) 535-32010,2.90,00:04:58,13.43%,0%,0%,13.43%,73.14%,0%,kudosestudio.com,721
67.22%,,"22,175",Navent,"8,195","260,585",100%,0%,,1.91,00:01:13,8.78%,0%,1.53%,34.65%,53.59%,1.46%,navent.com,158.5K
27.04%,Retail,"27,853",Tienda Pato Pampa,"39,549","2,329,588",,,,5.46,00:04:50,16.47%,0%,3.53%,60.00%,18.82%,1.18%,tiendapatopampa.com,4.6K
51.63%,Retail,"19,550",Tevelin,"101,580","5,227,091",,,,4.39,00:01:40,94.61%,0%,0%,0%,5.39%,0%,tevelin.com.ar,1.5K
26.36%,Retail,"16,262",Casa Rimoldi,"34,479","2,052,760",,,,3.39,00:02:45,20.16%,0.78%,0%,8.53%,70.54%,0%,casarimoldi.com.ar,7.1K
23.07%,,"8,028",Catycan,"52,515","2,697,003",,,,5.70,00:03:13,53.99%,0%,0%,20.78%,16.33%,8.90%, catycan.com,3.7K
49.55%,,"30,026",La Leopolda,"11,467","730,163",100%,0%,+54 11 4833-5973,4.01,00:02:07,4.19%,0%,0.66%,4.64%,10.16%,80.35%,laleopolda.com,25.0K
23.69%,Turismo,"1,317",Buquebus,"1,823","125,966",76.17%,23.83%,,4.95,00:06:11,24.64%,1.31%,7.43%,9.40%,54.63%,2.59%,buquebus.com,226.5K
50.83%,Retail,"353,813",Espacio G,"213,419","10,010,421",,,,2.63,00:00:17,0%,0%,0%,0%,100.00%,0%,espaciogvinos.com.ar,630
45.31%,Seguros,,Click Seguros,"27,010","1,573,133",,,,3.32,00:01:20,0%,0%,19.12%,30.24%,50.64%,0%,clickseguros.com.ar,10.6K
51.99%,,,Lolitos,"195,636","9,314,046",,,011 15 3283 8055,2.28,00:02:51,0%,0%,0%,0%,0%,100.00%,lolitos.com.ar,838
78.38%,,"99,602",Basilotta,"31,514","1,888,998",,,48321859,1.65,00:01:03,0%,0%,0%,50.00%,1.35%,48.65%,basilotta.com,13.4K
,Retail,,Chakna,,,,,,,,,,,,,,chakna.com,
100.00%,Abogados,"4,540,749",Seal,"534,688","24,036,102",,,,1.00,00:00:00,0%,0%,0%,0%,100.00%,0%,marcasypatentes.com,176
22.22%,Turismo,"30,797",Turismo Sur,"40,931","2,407,789",,,,3.46,00:07:58,59.10%,0%,0%,40.43%,0.47%,0%,turismosur.com,6.7K
0%,,,Barkay,,,,,48072094,0.00,00:00:00,0%,0%,0%,0%,0%,0%,bar-kay.com,0
34.76%,Retail,"19,959",SBS,"6,976","407,731",92.62%,7.38%,,4.40,00:03:37,24.77%,0.10%,0.30%,7.47%,57.64%,9.72%,sbs.com.ar,54.8K
55.53%,Retail,"6,070",Linio.com,834,"71,292",94.15%,5.85%,,4.33,00:03:47,17.06%,16.75%,12.15%,21.13%,15.34%,17.57%,linio.com.ar,471.4K
21.17%,Retail,"1,467,625",Nano Partes,"158,647","7,830,678",,,,3.04,00:02:56,5.88%,0%,0%,0%,94.12%,0%,nanopartes.com.ar,833
26.25%,Retail,"141,627",MyCyberCompra,"16,835","1,039,419",,,,7.68,00:10:36,44.94%,0%,0.98%,28.10%,25.98%,0%,micybercompra.com.ar,13.2K
32.49%,,"63,906",Kinderland,"23,013","1,385,477",,,(+54 11) 3967-4411,6.63,00:03:27,41.54%,0%,0%,8.16%,50.30%,0%,kinderland.com.ar,8.6K
44.67%,Retail,"31,363",Marathon Deportes,"131,768","6,710,655",,,,3.16,00:01:52,33.33%,0%,0%,33.33%,33.33%,0%,marathondeportes.com.ar,1.3K
46.05%,Turismo,37,Despegar,38,"4,660",62.95%,37.05%,,5.56,00:06:23,35.30%,4.15%,6.46%,17.25%,33.38%,3.46%,despegar.com.ar,7.8M
19.43%,Retail,"73,440",PieroDigital,"13,138","820,345",61.21%,38.79%,,5.23,00:04:27,14.70%,0.27%,0.81%,23.46%,60.76%,0%,pierodigital.com.ar,18.9K
47.25%,Retail,"7,005",Boca Shop,"7,556","479,964",83.8%,16.2%,,3.93,00:03:39,1.91%,0%,20.82%,17.44%,27.27%,32.56%,bocashop.com.ar,46.9K
8.69%,,,Isadora,,,98.83%,1.17%,,21.69,00:08:31,0%,0%,16.88%,2.03%,31.80%,49.29%,ar.isadoraonline.com,12.2K
56.34%,Turismo,"5,708",Iguaz Argentina,"10,890","462,314",100%,0%,,2.77,00:02:58,8.27%,0%,0.37%,8.58%,82.49%,0.29%,iguazuargentina.com,66.4K
,Retail,,Naldo,,,,,,,,,,,,,,naldolombardi.com.ar,
,Abogados,,Cilegal,,,,,,,,,,,,,,cilegal-ar.com,
8.12%,Retail,"19,243",Loral,"8,600","506,518",86.44%,13.56%,,5.73,00:02:20,16.15%,8.28%,0%,19.65%,54.74%,1.18%,maybellineargentina.com.ar,67.8K
23.46%,Turismo,492,Central de Pasajes,557,"51,241",43.04%,56.96%,4343-4003,5.45,00:05:17,13.99%,0%,2.53%,44.81%,37.40%,1.26%,centraldepasajes.com.ar,617.5K
35.47%,,"17,009",Distrillantas,"41,961","2,173,749",,,011-46431430,3.42,00:02:09,14.76%,4.68%,0%,24.55%,54.84%,1.17%,distrillantas.com.ar,6.5K
64.10%,Logstica,54,Ocasa,"2,259","175,302",100%,0%,,3.18,00:06:05,72.28%,0%,4.22%,7.01%,16.13%,0.36%,ocasa.com,195.6K
100.00%,,"99,326",Fernanda Bevilacqua,"385,568","15,956,739",,,011-48030896,1.00,00:00:00,0%,0%,0%,50.00%,0%,50.00%,fernandabevilacqua.com.ar,402
0%,,"366,368",Sintec Tur S.A.,"356,696","15,070,395",,,5554-7000/7001,2.00,00:03:02,0%,0%,0%,0%,100.00%,0%,sintectur.com.ar,507
6.46%,Servicios,"120,363",Multigol,"106,955","5,624,201",,,,5.39,00:11:54,8.33%,0%,0%,0%,91.67%,0%,multigol.com.ar,1.2K
60.13%,Plataformas,,Pol Argentina,"67,348","2,491,417",,,,4.36,00:03:31,9.96%,0%,0%,15.72%,65.24%,9.08%,polargentina.com,5.2K
14.41%,Retail,,Santagal,"51,569","2,807,864",,,,8.20,00:08:25,8.47%,0%,0%,11.94%,77.60%,1.99%,santagal.com.ar,3.2K
18.53%,Retail,"878,957",Digital Products,"301,673","13,201,428",,,,1.72,00:00:35,0%,0%,0%,0%,100.00%,0%,digitalproducts.com.ar,547
17.74%,Consultoria,"421,059",Abella Consultores,"44,723","2,601,974",,,01115 6679 0260,8.20,00:13:58,64.39%,0%,0%,35.61%,0%,0%,abellaconsultores.com.ar,3.5K
16.42%,Desarrolladores web,"279,541",Estilo-Web.Net,"247,364","11,299,702",,,5411 4431 0964,1.53,00:04:26,0%,0%,0%,14.29%,85.71%,0%,estilo-web.net,1.0K
46.37%,Retail,"67,296",Aral Sports,"51,065","2,856,053",,,,6.00,00:03:35,0%,0%,0%,62.54%,35.06%,2.41%,aralsports.com.ar,3.4K
58.19%,Retail,"21,130",SommierCenter,"2,938","221,588",57.49%,42.51%,,3.17,00:02:58,11.87%,4.75%,1.06%,9.32%,54.78%,18.23%,sommiercenter.com,139.9K
44.23%,,"1,559,562",Auto Special SA,"169,581","8,276,425",,,(011) 5670-4700,1.91,00:00:06,0%,0%,0%,14.29%,85.71%,0%,autospecial.com.ar,1.3K
11.54%,Retail,"2,066,790",Punto T,"232,302","10,740,302",,,,2.76,00:00:14,100.00%,0%,0%,0%,0%,0%,puntote.com.ar,868
0%,Retail,"1,734,681",Ventapel,"221,558","9,124,290",,,,2.51,00:00:47,22.03%,0%,0%,0%,77.97%,0%,ventapel.com,719
20.63%,Retail,"128,632",Cook,"15,558","959,797",100%,0%,,5.90,00:02:59,0%,0%,24.21%,14.84%,41.96%,18.99%,johnlcook.com.ar,15.0K
49.08%,,"25,003",Espasa,"17,228","1,061,130",,,4524-9399,3.06,00:02:28,7.43%,3.58%,10.74%,5.21%,72.72%,0.33%,espasa.com.ar,17.7K
47.01%,,"40,994",TelasxMetro.com,"5,935","377,851",76.61%,23.39%,1148643267,3.80,00:03:43,9.56%,1.35%,19.33%,18.14%,38.83%,12.80%,telasxmetro.com,65.6K
48.04%,Turismo,"22,417",Manhattan,"29,153","1,736,174",,,,3.35,00:03:03,0%,0.85%,27.26%,0%,71.89%,0%,manhattan.com.ar,9.1K
,Retail,,Magneto,,,,,,,,,,,,,,magnetoregalos.com,
26.50%,,"583,721",Argentina Color,"69,903","3,451,336",,,011-4523-7333,2.95,00:03:13,20.20%,16.20%,0%,0%,63.60%,0%,argentinacolor.com,4.3K
29.54%,,"68,769",NEO Enciende Tu Vida,"8,824","574,227",100%,0%,4815-6172,6.50,00:06:02,27.19%,0%,7.63%,9.06%,44.83%,11.29%,neo.com.ar,28.6K
72.78%,,"204,833",E-dutraining SH,"135,348","6,859,889",,,,2.50,00:06:54,19.35%,0%,0%,35.48%,45.16%,0%,e-dutraining.com,1.3K
15.13%,Retail,"41,438",Anunziatta,"74,337","4,112,346",,,,8.39,00:03:31,4.35%,0%,0%,47.83%,0%,47.83%,anunziatta.com,1.5K
56.09%,,"1,015,457",E3 ecommerce,"130,419","5,620,169",,,,1.60,00:01:19,13.98%,0%,0%,8.72%,77.31%,0%,e3ecommerce.com.ar,2.2K
21.26%,,"142,458",Capaccioni Deportes,"26,348","1,591,265",,,(02932) 421591,10.19,00:05:43,34.34%,0%,0%,0%,54.55%,11.11%,capaccionideportes.com.ar,5.8K
80.46%,,"62,164",Hub Travel,"108,225","5,168,714",,,(54 11) 5219-1414,1.38,00:00:46,32.53%,0%,0%,32.53%,34.94%,0%,hubtravel.com.ar,3.5K
44.62%,Turismo,22,Lan,63,"4,113",59.61%,40.39%,,4.52,00:05:41,44.20%,2.27%,6.86%,22.76%,20.83%,3.08%,lan.com,9.8M
0%,,,Moyobi,,,,,+54 11 4822 7139,0.00,00:00:00,0%,0%,0%,0%,0%,0%,moyobi.com,0
63.03%,,"17,023",SemExpert,"158,402","5,570,725",,,,1.88,00:01:21,42.92%,0%,0%,3.33%,53.75%,0%,semexpert.com.ar,2.1K
38.76%,Automotriz,"777,016",Romera Hnos S.A.,"81,156","4,436,578",,,0810-333-1926,3.60,00:01:40,0%,0%,29.73%,0%,70.27%,0%,romerahnos.com,2.2K
56.31%,Hosting,"5,432",NutHost.com,"14,211","835,277",94.39%,5.61%,0810-999-4678,3.92,00:05:06,47.40%,0%,0.76%,21.19%,30.39%,0.25%,nuthost.com,24.8K
40.84%,,"234,446",TBX Herramientas,"56,194","2,706,980",,,011-5236-0344,4.12,00:06:10,40.23%,0%,21.88%,9.18%,28.72%,0%,tbxherramientas.com,4.9K
,,,Gruppo Serenellini,,,,,,,,,,,,,,grupposerenellini.com,
29.47%,Retail,"106,801",Kansai,"37,590","2,153,278",,,,4.05,00:01:36,15.94%,0%,0%,1.45%,82.62%,0%,kansai.com.ar,6.0K
69.90%,,2,Samsung,143,127,92.49%,7.51%,,1.85,00:02:05,21.21%,1.49%,2.02%,9.97%,62.97%,2.33%,samsung.com,419.0M
15.07%,Servicio Full eCommerce,"146,040",Multiplace,"132,343","6,734,829",,,(11) 4952-1404,5.94,00:10:07,0%,0%,0%,0%,100.00%,0%,multiplace.com.ar,898
100.00%,,,Quo Marketing,"386,823","16,007,345",,,,1.00,00:00:00,100.00%,0%,0%,0%,0%,0%,quomarketing.com.ar,400
,Marketing Online,,Aristei & Asoc.,,,,,,,,,,,,,,aristei.com.ar,
53.75%,,"32,721",TodoModa,"16,365","528,872",100%,0%,,1.78,00:01:36,9.83%,0%,0.46%,4.13%,81.23%,4.35%,todomoda.com,64.1K
58.15%,Compras colectivas,"1,007",Gur de Ofertas,"9,476","605,585",98.91%,1.09%,,2.06,00:02:16,41.83%,0.13%,36.48%,2.66%,13.32%,5.57%,gurudeofertas.com,45.5K
0%,Comunicacin,,SocialEyez,,,,,5238-7707,0.00,00:00:00,0%,0%,0%,0%,0%,0%,socialeyezla.com,0
18.38%,Retail,"32,328",Guadalupe Cid,"5,755","373,762",100%,0%,,8.54,00:05:45,20.40%,0%,7.88%,12.17%,17.07%,42.48%,guadalupecid.com,43.5K
47.36%,,"190,893",Consult-Ar,"199,159","8,309,430",,,,3.20,00:01:04,25.10%,0%,0%,49.81%,25.10%,0%,consult-ar.info,732
83.25%,Retail,"241,073",Avenida,"27,281","1,617,627",,,,1.26,00:00:47,21.52%,0%,45.33%,33.15%,0%,0%,avenida.com,15.8K
0%,,,Dame2,"532,331","20,078,401",,,,3.00,00:12:45,100.00%,0%,0%,0%,0%,0%,dame2.com.ar,148
,Emprendedores,,Mariano Goren,,,,,[+5411] 53-53-98-96,,,,,,,,,negociosdigitales.cc,
0%,Retail,,Vagon,,,,,011-3530-4447,0.00,00:00:00,0%,0%,0%,0%,0%,0%,vagon.com.ar,0
0%,,,Austral Commerce,,,,,,0.00,00:00:00,0%,0%,0%,0%,0%,0%,australcommerce.com.ar,0
84.42%,,,TRAVELERSVAN.COM,"24,396","1,472,493",,,1169677662,1.31,00:00:45,0%,0%,29.48%,49.71%,10.41%,10.41%,travelersvan.com,20.0K
42.93%,Automotriz,,Forest Car,,,,,01145888000,3.02,00:02:13,0%,0%,0%,0%,0%,0%,forestcar.com.ar,8.6K
71.23%,Pagos,"57,824",Cobro Digital,"25,814","1,562,331",,,,1.79,00:01:37,72.64%,0%,11.15%,15.54%,0.34%,0.34%,cobrodigital.com,14.9K
27.46%,Retail,"5,010",Heyas,"4,642","332,684",72.81%,27.19%,,6.85,00:04:28,20.75%,2.89%,8.66%,21.09%,30.80%,15.82%,heyas.com.ar,55.3K
,Consultoria,,Lmino Consultores de Negocios,,,,,,,,,,,,,,luminoconsultores.com,
72.92%,,"93,992",NOAF,"46,767","2,711,343",,,0341-4261552,2.44,00:01:14,16.67%,0%,0%,0%,66.67%,16.67%,noaflojes.com.ar,6.3K
14.90%,,"11,852",Auto Nutica Sur,"76,957","4,237,360",,,,2.55,00:00:46,98.18%,0%,0%,0%,1.82%,0%,autonauticasur.com.ar,2.6K
0%,,,Crea Interactivo,,,,,,0.00,00:00:00,0%,0%,0%,0%,0%,0%,creainteractivo.com,0
17.35%,,"440,614",Combinatoria SRL,"225,510","10,087,012",,,5263-2520,1.52,00:01:06,0%,0%,0%,10.09%,89.91%,0%,combinatoria.com.ar,948
35.59%,Retail,,Geveco,"49,359","2,753,390",,,,3.76,00:04:20,1.62%,0%,0%,1.62%,96.76%,0%,dunlopneumaticos.com,4.5K
72.64%,,"16,437",Assist Med,"114,960","4,747,255",,,,1.26,00:00:22,4.50%,0%,0%,1.89%,93.61%,0%,assist-med.net,3.4K
14.83%,Retail,"15,103",Delivery Cartuchos,"52,509","2,934,565",,,,3.82,00:02:39,71.66%,0%,0%,0%,28.34%,0%,deliverycartuchos.com.ar,4.0K
44.41%,Retail,"60,131",Sensei,"29,194","1,696,883",,,,3.01,00:02:50,14.43%,0%,0%,0.69%,84.19%,0.69%,sensei.com.ar,9.7K
19.30%,,"228,473",Rockabruja,"25,544","1,546,651",,,0351 -152 424075,6.83,00:07:28,10.28%,0%,0%,22.43%,47.66%,19.63%,rockabruja.com,7.7K
69.09%,,"605,355",Zonabiz.com,"64,839","3,563,320",,,,3.55,00:02:26,74.05%,0%,0%,0%,19.22%,6.73%,zonabiz.com,3.7K
55.07%,Capacitacin,"8,478",OM Latam,"81,680","2,868,471",,,,2.45,00:01:48,26.52%,0%,0%,8.93%,28.10%,36.45%,omlatam.com,5.5K
2.71%,,,mundotekno.com,"150,271","7,485,526",,,+54 9 261 4549327,7.41,00:00:50,14.29%,0%,0%,0%,85.71%,0%,mundotekno.com,652
62.37%,Retail,"53,454",Cencosud,"10,247","603,339",100%,0%,,5.85,00:03:16,0%,0%,60.11%,6.65%,33.00%,0.24%,cencosud.com.ar,28.8K
51.73%,,,ProNetwork,"29,066","1,748,770",,,,4.56,00:15:02,81.94%,0%,4.17%,12.50%,1.39%,0%,pronetworkmarketing.com.ar,8.8K
51.82%,,"10,283",Mega Sports,"7,880","467,891",86.19%,13.81%,11 3663-8390,3.13,00:02:36,14.26%,0.15%,0%,3.86%,80.83%,0.89%,megasports.com.ar,57.3K
0%,Retail,,Kostume,,,,,,0.00,00:00:00,0%,0%,0%,0%,0%,0%,eshop.kostumeweb.net,0
26.91%,,"476,764",Muebles Platinum,"141,919","6,112,032",,,261 4200909.,3.99,00:03:32,15.10%,0%,0%,19.10%,65.81%,0%,platinumcatamarca37.com.ar,1.4K
68.39%,Servicios Financieros,"1,320",MONI PRSTAMOS ONLINE,"2,287","176,345",68.8%,31.2%,,2.40,00:02:33,5.74%,0%,27.45%,12.75%,17.40%,36.65%,moni.com.ar,211.8K
0%,Servicio Full eCommerce,,Pow,,,,,,0.00,00:00:00,0%,0%,0%,0%,0%,0%,holapow.com,0
48.69%,Retail,"1,242",Philips,"1,720","129,348",95.49%,4.51%,,3.72,00:03:08,12.16%,0.02%,0%,9.19%,77.65%,0.99%,philips.com.ar,249.2K
73.21%,Turismo,"23,652",Assist- Card,"56,519","1,833,564",,,(011) 55552000,1.35,00:00:26,41.92%,0%,29.03%,8.39%,20.66%,0%,assist-card.com,13.2K
25.73%,Retail,"216,607",Deco Gallery,"40,640","2,353,700",,,,3.74,00:02:17,0%,0%,28.82%,11.74%,58.37%,1.07%,decogallery.com.ar,5.5K
0%,,,E Revolution Commerce,"4,842,409","12,309,358",,,(+54 9 11) 3280 4943,3.31,00:02:26,56.18%,0%,0%,0%,43.82%,0%,erevolutioncommerce.com.ar,403
8.99%,Retail,,Rosso Cuore in Casa,"55,091","15,578,327",,,,1.62,00:00:13,0%,0%,0%,0%,100.00%,0%,rossocuoreincasa.com.ar,404
26.77%,Retail,357,Rever Pass,"7,177","478,836",79.56%,20.44%,,9.01,00:04:18,23.84%,0%,5.17%,14.27%,32.26%,24.46%,reverpass.com,29.6K
44.28%,Retail,"64,681",Salve Regina,"11,981","723,941",66.54%,33.46%,32203605,4.66,00:04:03,16.91%,0.28%,0.91%,11.53%,44.94%,25.43%,salveregina.com.ar,24.4K
38.61%,Retail,"26,251",BigBox,"4,279","306,194",65.07%,34.93%,,8.10,00:06:50,25.34%,0%,14.38%,14.25%,42.09%,3.94%,bigbox.com.ar,58.0K
41.73%,,"19,842",Afluenta,"2,840","210,778",53.8%,46.2%,5219 6655,3.73,00:03:46,36.82%,2.96%,5.95%,19.42%,27.64%,7.21%,afluenta.com,135.5K
27.15%,Retail,65,OLX,42,"4,880",98.73%,1.27%,,9.85,00:08:27,28.48%,0.21%,8.95%,9.80%,49.75%,2.82%,olx.com.ar,5.8M
34.44%,Retail,"28,390",LOF,"33,609","1,911,434",,,,3.11,00:03:08,25.65%,0%,0%,7.84%,66.51%,0%,lof.com.ar,7.8K
100.00%,Retail,"1,413,396",Meroarte,"748,215","25,269,692",,,,1.00,00:00:00,100.00%,0%,0%,0%,0%,0%,meroarte.com,157
28.64%,Retail,"154,296",Materia,"19,113","1,116,239",,,,12.54,00:05:22,8.44%,0%,2.11%,11.26%,77.49%,0.70%,materia.com.ar,8.4K
27.61%,,"492,012",ArgenBTC,"51,916","2,976,350",,,+54-9341-5443082,5.23,00:07:15,33.68%,0%,0%,60.00%,6.32%,0%,argenbtc.com,3.7K
34.29%,Retail,"4,122",El Balcn,"19,923","1,179,991",,,,4.51,00:03:12,15.18%,0%,0%,5.28%,71.85%,7.69%,elbalcon.com,13.0K
34.83%,Retail,"57,298",ColchonCity,"25,810","1,544,839",,,,2.91,00:02:36,64.52%,0%,0%,14.04%,21.44%,0%,colchoncity.com.ar,12.0K
0%,,,To Be Revenue,,,,,1165073481,0.00,00:00:00,0%,0%,0%,0%,0%,0%,toberevenue.com,0
39.98%,Turismo,"12,849",Atrpalo,"2,032","153,050",68.11%,31.89%,,3.11,00:04:11,22.20%,1.55%,6.82%,16.48%,52.34%,0.61%,atrapalo.com.ar,221.2K
41.88%,Telefona,,Nextel,,,50.58%,49.42%,,3.93,00:03:03,6.42%,0%,0.60%,54.03%,38.75%,0.20%,tienda.nextel.com.ar,34.3K
57.24%,Retail,"1,857",Bringeri,"16,760","1,044,548",,,,2.35,00:01:45,10.53%,2.43%,0%,0.40%,86.23%,0.40%,bringerihogar.com.ar,22.6K
47.65%,Medios de comunicacin,"94,928",Clarn Global,"51,694","2,745,762",,,,2.83,00:02:12,15.51%,0%,0%,50.59%,33.90%,0%,grupoclarin.com,5.1K
54.63%,Desarrolladores web,"8,534",Tiendanube,"1,423","101,322",94.19%,5.81%,+5491155647116,2.39,00:02:57,19.50%,0.01%,3.24%,42.83%,25.26%,9.16%,tiendanube.com,425.3K
43.21%,,"32,626",Owoko,"22,880","1,362,018",,,11 4572 9471,3.48,00:01:44,2.91%,0%,0%,9.77%,67.42%,19.90%,owoko.com.ar,12.7K
36.62%,Retail,"17,931",A4Sport,"22,534","1,373,150",,,03854252260,3.44,00:02:34,0%,0%,21.37%,18.80%,30.34%,29.49%,a4sport.com,11.8K
32.99%,,"4,471",Gaelle,"15,614","973,656",45.61%,54.39%,4208-9781,5.88,00:04:20,14.03%,0%,0%,6.61%,25.21%,54.14%,gaelle.com.ar,14.1K
24.14%,Retail,"18,235",Felx,"23,112","1,400,330",,,,6.28,00:03:30,13.20%,0%,9.90%,11.55%,58.30%,7.05%,felixba.com.ar,8.6K
29.80%,Retail,"21,221",Dale Click,"85,862","4,535,802",,,,1.90,00:01:16,23.61%,0%,0%,0%,76.39%,0%,daleclick.com,3.1K
24.66%,Retail,"218,494",El Dormiln,"25,055","1,490,237",,,,6.94,00:04:45,8.19%,0%,0%,15.63%,76.18%,0%,eldormilon.com.ar,7.5K
,Retail,,Corre Lola,,,,,,,,,,,,,,shop.correlola.com.ar,
28.73%,,,NeumticosyServicios.com,"103,509","5,034,060",,,,2.25,00:00:59,0%,0%,16.57%,0%,73.54%,9.89%,neumaticosyservicios.com,2.2K
52.06%,Retail,,Tienda Nap,"92,788","4,983,767",,,,1.04,00:00:07,0%,0%,0%,5.88%,0%,94.12%,tiendanap.com,4.3K
27.82%,Retail,397,Fitzrovia,"6,594","439,580",100%,0%,,6.59,00:03:46,32.47%,0%,8.26%,23.83%,35.28%,0.17%,fitzrovia.com.ar,41.1K
23.27%,Retail,"22,370",Grisino,"3,552","262,687",92.61%,7.39%,,9.99,00:05:37,0%,0%,21.70%,14.40%,51.37%,12.53%,grisino.com,62.7K
88.19%,Retail,"1,027,456",Al Pblico,"395,393","16,257,775",,,,1.00,00:00:00,0%,0%,0%,50.00%,50.00%,0%,alpublico.com.ar,417
45.75%,,,Balcony Software,"289,095","12,770,051",,,54 9 11-30465061,1.18,00:00:01,50.00%,0%,0%,0%,50.00%,0%,ebalcony.com.ar,733
22.43%,Retail,1,Quiksilver,2,1,98.91%,1.09%,,14.42,00:16:02,61.18%,1.12%,3.00%,23.20%,9.79%,1.71%,facebook.com,26.9B
0%,Abogados,,Phoebus,,,,,,0.00,00:00:00,0%,0%,0%,0%,0%,0%,phoebusabogados.com.ar,0
46.73%,Retail,"140,228",Brukman Electodomsticos,"25,881","1,565,906",,,5195-7811,4.59,00:08:02,34.08%,0%,21.35%,25.09%,19.48%,0%,brukman.com,9.8K
60.33%,Servicios,374,Gas Natural  Fenosa,"3,647","266,098",100%,0%,,2.27,00:01:59,24.67%,0%,4.64%,4.69%,65.76%,0.24%,gasnaturalfenosa.com.ar,129.8K
50.20%,Servicio Full eCommerce,"6,974",Tarjeta Naranja,915,"82,110",81.26%,18.74%,,5.35,00:04:45,0%,0.87%,53.04%,16.85%,19.40%,9.85%,tiendanaranja.com,353.4K
23.06%,Retail,"41,499",Como quieres que te quiera,"5,759","381,463",84.26%,15.74%,,7.27,00:04:01,7.12%,0.15%,14.09%,17.57%,55.17%,5.91%,comoquieres.com.ar,47.0K
0%,Consultoria,,Raberil Trading,,,,,,0.00,00:00:00,0%,0%,0%,0%,0%,0%,raberiltrading.com,0
45.06%,Pagos,"24,228",Cuenta Digital,"3,354","246,803",100%,0%,,2.96,00:02:42,23.71%,0%,14.71%,46.65%,7.75%,7.19%,cuentadigital.com,129.4K
50.00%,,,LeTomoSuPedido,"1,395,368","17,019,580",,,,1.24,00:00:21,0%,0%,0%,76.27%,23.73%,0%,letomosupedido.com,320
0%,,,Fazio,,,,,4779-9030,0.00,00:00:00,0%,0%,0%,0%,0%,0%,grupofazio.com,0
0%,Emprendedores,,Jose Abella,,,,,,0.00,00:00:00,0%,0%,0%,0%,0%,0%,joseabella.es,0
36.12%,Retail,"199,028",OfiShop,"39,726","2,267,347",,,,3.45,00:04:39,32.13%,0%,0%,15.43%,52.44%,0%,ofishop.com,5.9K
28.87%,,71,ZonaProp,97,"10,475",83.57%,16.43%,,12.26,00:11:22,26.14%,2.73%,13.11%,12.66%,41.69%,3.67%,zonaprop.com.ar,2.4M
29.04%,,"76,713",Simones,"12,596","791,721",98.76%,1.24%,1569718288,6.72,00:05:01,40.68%,0%,1.16%,9.86%,34.42%,13.89%,simones.com.ar,18.5K
41.56%,Retail,528,Tenis Global,"35,596","1,933,806",,,,4.02,00:03:29,15.59%,0%,0%,8.07%,76.34%,0%,tenisglobal.com.ar,6.9K
33.83%,,,OneLab,"60,515","3,416,980",,,+5491124623682,4.57,00:05:43,53.73%,0%,0%,0%,46.27%,0%,onelab.com.ar,2.6K
39.95%,Retail,"1,857",Falabella SA,216,"20,801",81.76%,18.24%,0810 555 6684,5.92,00:04:46,15.07%,1.18%,15.91%,9.63%,49.77%,8.45%,falabella.com.ar,1.6M
0%,,,Landmark,"702,898","12,200,063",,,4813-6144,3.88,00:04:13,0%,0%,0%,0%,100.00%,0%,landmark.com.ar,336
63.69%,Logstica,"2,192",Buspack SA,"4,874","349,660",98.57%,1.43%,( 011 ) 5263- 3036,2.09,00:01:56,30.94%,0%,0.89%,10.64%,56.75%,0.79%,buspack.com.ar,95.4K
49.92%,Retail,"430,551",AB Distribuidora,"122,373","5,420,448",,,,3.16,00:00:58,0%,0%,10.30%,5.15%,84.55%,0%,abdistribuidora.com.ar,1.6K
32.53%,Retail,"203,202",Jeffrey Campbell,"4,270,513","8,727,782",,,,2.13,00:00:39,60.33%,0%,0%,0%,39.67%,0%,jcampbell.com.ar,1.1K
31.71%,Automotriz,"31,857",Autotag,"21,808","1,331,933",,,01146109600,4.73,00:03:46,6.08%,0%,0%,3.31%,90.61%,0%,autotag.com.ar,10.7K
37.64%,Turismo,"27,179",Royal World Cruices,"35,505","2,110,600",,,,3.17,00:05:41,48.32%,0%,28.19%,6.04%,17.45%,0%,rwccruceros.com,7.8K
42.68%,Juguetera,,BFun,"118,923","5,853,751",,,(5411) 4775-2165,5.87,00:05:21,85.76%,0%,0%,0%,14.24%,0%,bfun.com.ar,1.0K
45.67%,,"266,793",Orsogna V,"390,409","16,105,279",,,011-4307- 1472,1.00,00:00:00,0%,0%,0%,0%,100.00%,0%,orsognavinos.com.ar,684
47.73%,Turismo,133,Hoteles.com,"1,025","17,392",57.77%,42.23%,,3.69,00:04:50,27.42%,0.91%,5.89%,32.34%,32.91%,0.53%,hoteles.com,2.6M
0%,Retail,"1,810,335",Centro Comercial Pacman,"493,293","27,029,446",,,02954-387200,2.00,00:00:11,0%,0%,0%,0%,100.00%,0%,holapacman.com.ar,96
22.84%,,"347,888",Musicalisimo,"37,962","2,207,260",,,0810 888 3456,6.40,00:02:26,0%,0%,32.91%,0%,65.59%,1.50%,musicalisimo.com.ar,4.5K
82.63%,Retail,"312,934",Gomera Altamirano,"33,817","2,016,893",,,,1.59,00:00:55,0%,2.94%,0%,2.94%,91.18%,2.94%,gomeriasaltamirano.com.ar,12.7K
53.00%,,"715,169",Rekket Digital Hub,"125,541","4,127,375",,,5199-3554,1.66,00:03:00,42.33%,0%,0%,0.97%,56.70%,0%,rekket.com,3.7K
56.13%,,268,Agrupate,"1,197","103,715",58.6%,41.4%,,2.74,00:02:57,0%,1.43%,62.80%,7.55%,23.19%,5.04%,agrupate.com,368.2K
42.07%,,453,Hendel,"7,553","487,550",68.22%,31.78%,0810-333-9435,3.24,00:02:58,4.82%,0%,7.21%,8.18%,79.10%,0.69%,hendel.com,49.0K
51.35%,Servicios Financieros,"3,931",Crediclick,"10,000","635,772",39.49%,60.51%,41195800,2.68,00:04:03,27.29%,1.03%,5.68%,5.33%,51.04%,9.63%,crediclick.com,38.1K
30.68%,Mtricas,"78,558",Nubimetrics,"14,542","639,950",100%,0%,46007907,4.58,00:08:14,40.69%,0%,2.90%,44.14%,8.94%,3.33%,nubimetrics.com,32.3K
0%,Retail,,Rapsodia,,,,,,0.00,00:00:00,0%,0%,0%,0%,0%,0%,rapsodiastore.com.ar,0
31.86%,,"142,861",Ansilta,"17,601","1,047,098",,,0 800 222 2185,7.02,00:06:19,16.48%,0%,0%,7.94%,75.20%,0.37%,ansilta.com,12.6K
31.08%,Retail,"4,111",Open Sports,"2,630","197,855",95.63%,4.37%,,8.14,00:06:12,17.64%,1.32%,11.26%,8.11%,48.53%,13.14%,opensports.com.ar,98.0K
51.03%,Retail,"268,152",Vivoensale,"99,118","4,800,604",,,,2.25,00:01:12,0%,0%,3.77%,0%,96.23%,0%,vivoensale.com,2.6K
50.33%,,"36,299",Temaikn Bioparque,"5,569","357,659",68.83%,31.17%,(0348) 443-6900,3.89,00:03:43,8.99%,0.56%,0%,3.37%,79.97%,7.11%,temaiken.org.ar,67.9K
0%,,,Agencia Brandi,,,,,,0.00,00:00:00,0%,0%,0%,0%,0%,0%,agenciabrandi.com,0
62.43%,,"349,455",Flimper,"177,427","7,782,395",,,,1.08,00:00:00,6.67%,0%,0%,9.98%,0%,83.35%,flimper.com,1.8K
19.19%,,"72,826",Clona,"12,943","813,656",51.25%,48.75%,4858-1338,6.36,00:03:53,0%,0%,7.09%,7.73%,39.76%,45.42%,clonashoes.com,17.4K
27.45%,,"65,536",SatoshiTango,"10,040","552,141",85.82%,14.18%,,7.07,00:08:32,43.80%,0.14%,2.53%,24.30%,22.27%,6.96%,satoshitango.com,28.8K
0%,,,eCloud Solutions,,,,,,0.00,00:00:00,0%,0%,0%,0%,0%,0%,ecloudsolutions.com,0
27.63%,Retail,"41,844",Pampero,"35,699","1,994,456",,,,6.29,00:03:09,0%,0%,0%,5.79%,94.21%,0%,pamperousointensivo.com.ar,5.5K
7.88%,Retail,"199,754",Fiorani,"39,053","2,276,099",,,,7.17,00:05:33,7.45%,0%,0%,7.45%,85.09%,0%,fiorani.com.ar,4.2K
23.45%,Retail,168,Reef,"12,860","768,976",82.03%,17.97%,,6.78,00:03:34,6.10%,0.29%,22.78%,15.30%,43.56%,11.97%,reef.com.ar,18.6K
45.12%,Retail,,Rupless,"33,842","2,018,799",,,,3.98,00:04:55,0%,0%,42.86%,11.22%,39.80%,6.12%,rupless.com.ar,6.8K
20.21%,,"22,530",XL Extra Large,"3,562","264,203",100%,0%,,11.26,00:05:54,14.91%,0%,10.74%,9.25%,55.15%,9.95%,xlshop.com.ar,60.2K
17.95%,Retail,"3,436",Complot,"2,933","219,048",95.81%,4.19%,,9.59,00:05:01,22.12%,0%,13.11%,9.81%,37.12%,17.84%,complot.com.ar,82.3K
30.88%,Retail,"119,773",Adriana Constantini,"22,164","1,332,146",,,,4.32,00:02:51,18.32%,0%,0%,15.33%,65.86%,0.49%,adrianacostantini.com.ar,11.0K
28.41%,Servicios,740,ADWILL,"13,629","278,203",100%,0%,,14.41,00:14:03,37.54%,0%,13.43%,31.79%,16.96%,0.28%,fanplayr.com,64.9K
35.79%,Retail,"497,997",Electro Frig,"55,424","3,007,723",,,,3.08,00:02:14,42.73%,0%,0%,0%,57.27%,0%,electrofrig.com.ar,4.3K
30.68%,Seguros,"11,617",Seguro.com.ar,"50,946","2,862,936",,,0800-147-5000,2.16,00:03:21,0%,0%,9.55%,0%,90.45%,0%,seguro.com.ar,6.5K
36.91%,Logstica,"30,316",Cruz del Sur,"9,882","608,142",100%,0%,,2.97,00:03:01,17.81%,0%,2.46%,9.35%,70.24%,0.14%,cruzdelsur.com.ar,40.2K
30.86%,Retail,"1,679",Casa del Audio,"2,209","172,901",64.72%,35.28%,,4.76,00:05:28,18.11%,2.19%,9.81%,8.52%,58.10%,3.27%,casadelaudio.com,151.9K
,Clasificados,,Pginas Amarillas,,,,,5411-4348-8000,,,,,,,,,yellargentina.com.ar,
30.07%,Seguridad,"552,338",Seguridad Actual,"75,513","3,289,869",,,,3.38,00:04:02,4.37%,0%,0%,4.50%,91.13%,0%,seguridadactual.com.ar,3.5K
75.25%,Retail,"295,572",Mihran,"32,737","1,921,540",,,,1.93,00:01:07,3.91%,0%,0%,0%,72.61%,23.48%,mihran-alfombras.com,12.2K
66.45%,Retail,"401,032",Creciendo Mega Baby Store,"42,625","2,494,580",,,,1.66,00:01:00,0.88%,0%,0%,40.71%,58.41%,0%,creciendo.com,7.9K
0%,,"23,925",Compra-Express.com,"89,647","4,835,381",,,0353 4532733,3.94,00:01:00,57.14%,0%,0%,39.29%,3.57%,0%,compra-express.com,1.9K
0%,Marketing Online,"775,136",Tas Digital,"362,788","18,839,458",,,,2.00,00:00:01,0%,0%,0%,0%,100.00%,0%,tasdigital.com,205
54.54%,Retail,,Agrofy,"2,340","176,731",72.99%,27.01%,,3.01,00:03:21,21.40%,0%,8.72%,12.47%,48.50%,8.91%,agrofy.com.ar,185.5K
,Retail,,They & They,,,,,,,,,,,,,,theyandthey.com,
37.82%,Turismo,"19,849",CH Travel,"25,866","1,533,477",,,,3.95,00:06:59,9.97%,0%,1.25%,56.31%,32.48%,0%,cht.com.ar,10.6K
22.50%,Retail,"130,619",Espacio Exclusivo,"49,407","2,846,539",,,,7.51,00:03:31,0%,0%,84.09%,13.64%,2.27%,0%,espacioexclusivo.com,3.0K
27.48%,Retail,"18,349",La Parfumerie,"11,382","712,084",100%,0%,,7.23,00:06:12,26.38%,0%,0.81%,13.26%,57.93%,1.62%,laparfumerie.com.ar,20.3K
28.83%,Retail,"2,522",Batistella,"2,012","156,860",86.03%,13.97%,,7.85,00:05:22,8.95%,4.30%,18.12%,5.34%,39.84%,23.46%,calzadosbatistella.com.ar,136.9K
58.86%,,,Bolivia,"79,384","4,354,074",,,47731697,2.22,00:02:36,1.89%,0%,0%,0%,96.23%,1.89%,bolivia-divina.com,2.6K
55.60%,Retail,"28,310",Kimeika,"40,343","2,374,832",,,,2.15,00:00:55,29.81%,0%,0%,5.77%,63.46%,0.96%,kimeika.com.ar,7.1K
0%,Retail,,Avalancha,,,,,,0.00,00:00:00,0%,0%,0%,0%,0%,0%,avalancha.com,0
35.00%,,,Viru,"47,934","2,770,082",,,+54 11 5984-2099,2.60,00:03:14,0%,0%,1.49%,0%,0%,98.51%,viru.com.ar,5.6K
53.82%,Turismo,663,TTS Viajes,"3,406","250,643",78.27%,21.73%,,3.61,00:03:40,20.77%,0.06%,10.77%,27.26%,35.97%,5.17%,ttsviajes.com,106.9K
0%,Retail,,Electro Puntonet SA,,,,,,0.00,00:00:00,0%,0%,0%,0%,0%,0%,electropuntonet.com.ar,0
34.58%,Retail,"1,019,379",Prsico Sanitarios,"107,323","5,639,648",,,47534008 / 1552214878,2.17,00:00:26,22.22%,0%,0%,0%,77.78%,0%,persicosanitarios.com.ar,2.1K
52.24%,Retail,"560,831",La Dolfina,"137,382","6,310,991",,,,1.33,00:00:00,5.92%,0%,0%,0%,94.08%,0%,ladolfina.com,2.1K
32.30%,Retail,"12,761",Stock Center,"1,898","147,012",58.47%,41.53%,,6.84,00:05:15,22.77%,4.24%,1.24%,18.18%,40.42%,13.14%,stockcenter.com.ar,160.0K
44.02%,Retail,"61,437",Precios Bajos,"8,263","523,795",90.64%,9.36%,,4.63,00:03:41,10.03%,2.64%,27.75%,19.41%,39.17%,0.99%,preciosbajos.com.ar,37.8K
66.84%,Retail,,DormiBene,"46,336","2,689,556",,,,3.69,00:02:33,0%,0%,0%,0%,95.45%,4.55%,dormibene.com.ar,5.5K
82.25%,Empleos,"110,276",Red Telework,"116,968","3,329,067",,,,1.12,00:00:09,12.86%,0%,0%,0%,80.66%,6.48%,redtelework.com,7.0K
34.20%,Retail,"704,549",Edificor,"73,486","4,074,002",,,,2.33,00:03:58,1.96%,0%,0%,1.96%,96.08%,0%,edificorsrl.com.ar,3.2K
55.25%,,654,Nubelo,"3,995","65,754",88.6%,11.4%,,3.83,00:03:48,40.48%,0.03%,10.66%,18.46%,26.85%,3.51%,nubelo.com,587.1K
,Plataformas,,Dridco,,,,,,,,,,,,,,dridco.com,
23.71%,Retail,"6,558",Viamo,"6,588","446,792",86.36%,13.64%,,4.79,00:02:51,7.17%,0.75%,17.15%,14.79%,52.55%,7.58%,viamo.com,44.7K
79.56%,Entretenimientos,,Axeso 5,,,,,,1.80,00:01:36,0%,0%,0%,0%,0%,0%,axeso5.com,7.1M
,,,ITD,,,,,,,,,,,,,,itdargentina.com,
0%,,,La Esquina del Futn,"164,829","8,083,632",,,,5.18,00:05:29,0%,0%,0%,0%,14.29%,85.71%,laesquinadelfuton.com.ar,653
,,,Latin Web Group,,,,,,,,,,,,,,latinwebgroup.com,
20.97%,,"178,191",Nama,"21,212","1,257,623",,,4833-4000,6.68,00:03:55,0%,0%,0%,11.24%,37.88%,50.88%,naima.com.ar,9.5K
100.00%,Entretenimientos,"4,270,255",Eventdoo,"633,220","22,409,339",,,,1.00,00:00:00,0%,0%,0%,100.00%,0%,0%,eventdoo.com,205
62.47%,Retail,"51,783",Natalia Antolin,"37,273","2,164,097",,,,1.84,00:01:40,8.42%,0%,0%,31.40%,60.17%,0%,nantolin.com,8.8K
37.42%,,,Leale Radiadores & Repuestos,"175,009","7,890,587",,,2616140057,2.28,00:02:49,0%,0%,6.91%,0%,93.09%,0%,lealerepuestos.net,985
36.62%,Retail,879,Sporting,"2,544","196,378",65.57%,34.43%,,4.71,00:04:15,15.27%,3.41%,7.53%,4.12%,60.84%,8.83%,sporting.com.ar,125.1K
40.42%,Retail,"96,409",Oscar Barbieri,"16,190","1,010,225",,,,3.66,00:04:00,10.29%,7.84%,0%,2.94%,78.92%,0%,oscarbarbieri.com,18.5K
26.94%,Retail,"441,921",Ouletronica,"112,686","5,591,644",,,,1.78,00:00:24,74.74%,0%,0%,6.79%,18.46%,0%,ouletronicaweb.com.ar,2.1K
28.14%,Entretenimientos,454,Hoyts,345,"32,449",81.64%,18.36%,,5.11,00:05:09,29.12%,0.38%,5.33%,8.99%,52.69%,3.49%,hoyts.com.ar,1.1M
0%,Abogados,,"SANCHEZ, LUPI & ASOCIADOS",,,,,,0.00,00:00:00,0%,0%,0%,0%,0%,0%,sanchezlupi.com,0
71.05%,,"19,248",Digodat,"601,132","6,253,184",,,11 5239 1368,1.37,00:00:24,91.14%,0%,0%,0%,5.15%,3.72%,digodat.com,1.8K
12.27%,Retail,,Chubby Gang,"209,422","9,847,466",,,,5.48,00:00:54,0%,0%,0%,0%,100.00%,0%,chubbygang.com,693
0%,,,PhoneCity Electronics,,,,,011-4779-9012 / 9016,0.00,00:00:00,0%,0%,0%,0%,0%,0%,phonecitymdq.com.ar,0
28.12%,Retail,"55,764",Rie,"19,993","1,231,176",,,,7.70,00:04:37,0%,0%,57.46%,0%,38.06%,4.48%,riearriba.com,9.2K
49.52%,,,Colecciones La Nacin,,,5.53%,94.47%,,3.80,00:02:33,10.78%,0%,35.13%,21.42%,32.51%,0.15%,colecciones.lanacion.com.ar,41.5K
,Consultoria,,Itelintec,,,,,,,,,,,,,,intelintec.com,
33.67%,Retail,"6,623",Walmart,887,"77,769",73.82%,26.18%,,8.37,00:05:51,26.39%,0.30%,3.02%,9.64%,53.94%,6.71%,walmart.com.ar,307.4K
0%,Desarrolladores web,,Generatica,,,,,Tel: +54 (11) 4811-7205,0.00,00:00:00,0%,0%,0%,0%,0%,0%,generatica.com,0
34.91%,Retail,"591,150",DROPWEB,"64,903","3,490,132",,,114772-0882,3.57,00:01:26,20.62%,0%,0%,30.00%,49.38%,0%,dropweb.com.ar,3.4K
82.11%,,"2,550,762",Etail,"299,214","13,123,912",,,,1.00,00:00:00,0%,0%,0%,85.71%,14.29%,0%,etailargentina.com,654
0%,Logstica,"1,392,719",Boxeway,"132,017","24,746,616",,,,3.00,00:01:19,100.00%,0%,0%,0%,0%,0%,boxeway.com,94
1.11%,,,Al Costo Calzados,"117,416","6,091,020",,,15-54659748,8.82,00:17:40,0%,0%,0%,0%,100.00%,0%,alcostocalzado.com,784
45.98%,Bancos,63,BANCO GALICIA,89,"9,556",90.42%,9.58%,,2.20,00:03:14,55.62%,0.12%,3.27%,12.29%,28.18%,0.52%,bancogalicia.com,6.1M
41.48%,Retail,"27,573",Tops,"39,027","2,300,762",,,,2.83,00:01:26,1.27%,0%,0%,1.27%,20.25%,77.22%,topszapatos.com.ar,6.4K
59.80%,,,HP Online,,,98.1%,1.9%,0800-555-5000,2.48,00:02:09,24.29%,0.69%,0.46%,25.80%,47.66%,1.11%,www8.hp.com,22.0M
57.39%,Retail,"428,411",JoyasdePlatayOro.com,"124,488","5,387,070",,,3221-5424,2.54,00:01:41,0%,0%,5.83%,19.97%,74.20%,0%,joyasdeplatayoro.com,2.1K
38.04%,,,Coiro,,,100%,0%,(+54 11) 4292-6686,1.62,00:00:19,0%,0%,0%,0%,85.71%,14.29%,tienda.bulonescoiro.com,1.1K
47.80%,Retail,"38,049",TeVeCompras,"9,072","437,214",94.98%,5.02%,(011) 4858 - 8096,2.63,00:03:25,9.94%,0.14%,7.93%,18.99%,62.71%,0.29%,tevecompras.com,82.6K
0%,Marketing Online,"67,354",Dos monos S.A,"602,107","21,887,784",,,,2.00,00:00:01,100.00%,0%,0%,0%,0%,0%,dosmonos.com,152
35.09%,Retail,"9,318",Loria Skate & Shop,"37,199","2,203,738",,,,5.11,00:04:25,12.24%,0%,0%,2.04%,83.67%,2.04%,loria.com.ar,5.3K
61.28%,,"28,333",BGH,"3,898","280,351",100%,0%,(54 11) 4309-2000,2.66,00:02:26,35.03%,0%,1.84%,14.85%,46.79%,1.48%,bgh.com.ar,118.5K
48.85%,Turismo,"6,950",Tije Travel,"8,837","557,093",97.04%,2.96%,,2.66,00:03:58,39.20%,0%,6.90%,29.55%,22.14%,2.21%,tije.travel,46.0K
77.21%,,,Italia Hogar,"75,988","4,191,611",,,0810 -2208090,1.60,00:01:19,5.88%,0%,0%,0%,94.12%,0%,italiahogar.com,4.1K
50.57%,Retail,"1,592",El Mundo del Juguete,"33,250","1,562,302",,,,3.39,00:03:17,5.19%,0%,0%,0.86%,84.44%,9.51%,elmundodeljuguete.com.ar,10.9K
24.22%,Retail,"446,288",Muebles 365,"47,228","2,735,788",,,,3.51,00:02:25,26.92%,0%,0%,1.28%,71.79%,0%,muebles365.com.ar,4.6K
60.38%,Tecnologa,"472,483",Electro San Miguel,"52,328","2,873,822",,,,4.36,00:03:09,0%,0%,0%,0%,62.14%,37.86%,electrosanmiguel.com.ar,3.8K
100.00%,,"3,930,367",inCommerce,"294,591","20,433,204",,,,1.00,00:00:00,0%,0%,0%,90.00%,0%,10.00%,icmlatam.com,271
56.30%,,"300,931",Delsey Pars,"33,434","1,951,568",,,49629967,4.37,00:03:29,32.16%,0%,0%,23.41%,21.01%,23.41%,delsey.com.ar,6.9K
70.43%,Retail,"10,478",CD Market,"1,579","125,101",100%,0%,,2.70,00:01:47,36.05%,0.04%,2.79%,9.04%,47.19%,4.91%,cdmarket.com.ar,317.4K
44.58%,Retail,"18,688",Avellaneda Por Mayor,"25,848","1,440,478",,,,4.57,00:04:16,9.45%,0%,20.57%,9.15%,57.08%,3.74%,avellanedapormayor.com,10.2K
38.46%,,"160,056",Potiers Home,"18,606","1,149,966",,,(011) 4794-3745,4.17,00:02:58,0%,0%,30.04%,30.47%,30.47%,9.01%,potiershome.com.ar,13.8K
45.62%,Compras colectivas,347,Descuentocity,"1,991","150,706",63.91%,36.09%,,2.92,00:03:18,38.86%,6.73%,24.46%,3.35%,19.99%,6.61%,descuentocity.com,231.7K
64.25%,Retail,,Dell,,,100%,0%,,1.74,00:01:34,28.06%,0.28%,0.62%,24.32%,45.61%,1.11%,www1.la.dell.com,491.8K
37.29%,,"11,439",Las Pepas,"13,556","815,903",100%,0%,1535870200,4.85,00:03:25,5.47%,0%,0%,20.61%,55.76%,18.16%,laspepas.com.ar,20.4K
60.43%,,"18,198",Nico Calzados,"23,135","1,397,120",,,0800 345 6426,2.70,00:01:54,4.68%,12.49%,0%,4.68%,22.72%,55.42%,nicocalzados.com,13.6K
40.46%,Servicios Financieros,"1,130",Puente,"1,908","149,048",100%,0%,,4.10,00:06:01,60.40%,0%,2.75%,8.14%,28.59%,0.12%,puentenet.com,207.6K
37.85%,,"253,007",Atentus,"20,114","1,684,143",,,,3.82,00:04:01,72.34%,0%,0%,13.56%,14.10%,0%,atentus.com,9.5K
28.07%,,"6,831",Kosiuko,"7,195","467,482",100%,0%,011 4717-4091,5.59,00:03:37,5.57%,0%,4.97%,18.53%,60.11%,10.82%,kosiuko.com,40.2K
0%,Servicios Financieros,,Martinez Cataldi y Asoc.,,,,,,0.00,00:00:00,0%,0%,0%,0%,0%,0%,mcmc.com.ar,0
30.48%,,"604,720",ICOMMKT,"177,296","3,560,088",,,+5411 5238 2000,1.97,00:01:33,27.56%,0%,0%,36.75%,35.68%,0%,icommkt.com,4.4K
37.40%,,"13,273",Gora Gora,"80,159","4,217,797",,,(011) 4863-7861,3.42,00:06:14,3.16%,0%,0%,3.16%,74.68%,18.99%,goragora.com.ar,2.6K
33.27%,Pagos,,Dineromail,,,100%,0%,,3.11,00:02:31,46.80%,0%,2.22%,34.19%,16.66%,0.12%,ar.dineromail.com,39.9K
43.24%,,127,Real Trends,"3,734","173,360",89.11%,10.89%,,3.87,00:06:50,46.56%,7.42%,9.71%,27.34%,5.64%,3.33%,real-trends.com,193.9K
26.63%,Retail,"25,402",SBN Subastas,"3,520","256,642",91.56%,8.44%,,12.58,00:11:56,11.42%,0.09%,28.20%,23.67%,35.38%,1.24%,narvaezbid.com.ar,58.0K
33.29%,Retail,"28,257",Lintime,"42,097","2,369,703",,,,9.30,00:07:36,54.42%,0%,6.05%,22.17%,17.36%,0%,lintime.com.ar,3.4K
38.02%,Retail,"24,109",Saverio Di Ricci,"33,209","1,958,037",,,,3.72,00:01:22,3.28%,4.92%,0%,0.82%,77.85%,13.13%,saveriodiricci.com,7.0K
94.29%,Logstica,,Shipeala,"129,782","6,625,274",,,15-3018-2106,1.07,00:00:40,0%,0%,0%,0%,100.00%,0%,shipeala.com,2.7K
27.03%,,"10,619",Pardo,"11,846","750,363",86.18%,13.82%,011-4017-4140,4.56,00:03:55,7.07%,0%,11.70%,6.92%,74.31%,0%,pardo.com.ar,23.1K
71.19%,Retail,,Apuracompra.com,"368,359","13,758,751",,,,1.13,00:00:00,17.73%,0%,0%,41.13%,41.13%,0%,apuracompra.com,565
60.43%,,,Abagas,"112,716","5,693,981",,,,1.52,00:01:02,4.10%,0%,0%,4.10%,91.80%,0%,abagas.com.ar,2.2K
19.87%,Logstica,,Welivery,"144,351","7,233,336",,,011 5218 5609,5.32,00:10:15,0%,0%,0%,12.50%,75.00%,12.50%,welivery.com.ar,723
,Retail,,Eglam,,,,,,,,,,,,,,eglamlatam.com,
40.28%,Entretenimientos,"7,516",Photobookers,"29,062","1,646,054",,,,4.50,00:04:50,48.67%,0%,1.97%,10.52%,21.73%,17.10%,photobookers.com.ar,8.9K
28.59%,Retail,"5,524,589",Grupo Ikono,"143,972","30,450,208",,,0115218-4560,1.00,00:00:00,0%,0%,0%,0%,100.00%,0%,grupoikono.com,322
19.87%,Retail,,Feeme Bike Shop,"88,646","4,360,041",,,,4.29,00:04:51,40.55%,0%,0%,4.57%,27.44%,27.44%,feemebikeshop.com,2.1K
42.20%,Retail,"42,722",Todo Grifera,"5,715","390,275",56.22%,43.78%,,4.62,00:04:00,7.91%,0.58%,13.29%,12.52%,64.16%,1.54%,todogriferia.com,54.7K
31.38%,Logstica,779,Integral Pack Express  S.A,"7,875","513,951",100%,0%,,3.54,00:03:23,32.04%,0%,10.45%,26.69%,30.15%,0.67%,integralexpress.com,46.3K
68.58%,Logstica,,Web Pack,"29,650","1,784,318",,,,2.58,00:03:32,71.94%,0%,0%,19.42%,7.91%,0.72%,webpack.com.ar,12.4K
21.43%,Pagos,"90,434",Gire,"11,496","718,915",100%,0%,,6.57,00:11:44,42.66%,0%,0%,45.01%,11.21%,1.12%,gire.com,24.3K
43.26%,Retail,"36,932",Armatucuadro,"42,213","2,337,660",,,,10.94,00:04:18,2.51%,0%,0%,52.72%,42.26%,2.51%,armatucuadro.com,3.4K
,Servicios,,Target,,,,,,,,,,,,,,targetsl.com.ar,
0%,,,Ilunor,,,,,47162036,0.00,00:00:00,0%,0%,0%,0%,0%,0%,ilunor.com.ar,0
25.74%,,"934,739",Neticel,"98,021","5,222,657",,,,3.70,00:09:36,38.17%,0%,0%,46.52%,15.31%,0%,neticel.com,2.1K
59.43%,,,Fiplasto,,,56.94%,43.06%,5171-3000,2.27,00:00:53,0.64%,0%,0%,50.64%,48.72%,0%,muebles.fiplasto.com.ar,14.5K
16.66%,Pagos,"124,336",Credimas,"15,282","933,477",100%,0%,,4.86,00:03:20,9.78%,0%,1.22%,0.41%,84.10%,4.48%,credimas.com.ar,17.0K
73.56%,Plataformas,201,MercadoLibre,57,"2,090",94.67%,5.33%,,1.76,00:01:34,19.73%,0.04%,9.24%,58.84%,10.56%,1.58%,mercadolibre.com,29.0M
25.89%,Servicios Financieros,300,Invertir Online,677,"61,822",81.37%,18.63%,,7.99,00:15:19,48.36%,0.35%,8.83%,27.05%,13.50%,1.91%,invertironline.com,466.6K
25.68%,,"37,315",Mundo Fix,"6,862","428,785",72.15%,27.85%,,5.62,00:05:13,56.18%,0%,0%,9.34%,30.74%,3.74%,mundofix.com,50.8K
59.33%,,"176,910",Pymedia,"21,773","1,249,514",,,,2.08,00:02:39,12.13%,0%,0%,0%,87.55%,0.32%,pymedia.com.ar,17.5K
25.35%,Retail,"161,562",Bed Time,"18,844","1,159,024",,,,5.32,00:05:33,7.23%,0%,0%,20.78%,71.99%,0%,bedtime.com.ar,12.1K
27.41%,Retail,"21,323",Deluxebuys.com,"3,396","251,328",100%,0%,,20.63,00:06:32,17.70%,0%,33.70%,15.12%,31.54%,1.93%,deluxebuys.com,46.4K
67.12%,,"2,095",Reebok,"3,360","252,747",34.01%,65.99%,0800 222 1138,2.86,00:02:14,15.73%,5.56%,4.09%,12.15%,48.91%,13.57%,reebok.com.ar,117.9K
60.40%,Retail,"329,521",TiendaVirtual,"38,914","2,107,286",,,,1.84,00:01:36,6.62%,0%,0%,3.82%,85.74%,3.82%,tiendavirtual.com,9.1K
0%,Desarrolladores web,,Zilber Group,,,,,,0.00,00:00:00,0%,0%,0%,0%,0%,0%,zilber.com.ar,0
68.42%,Marketing Online,"214,758",Woow up,"51,202","2,460,705",,,,1.57,00:01:49,13.94%,0%,2.07%,11.99%,17.45%,54.54%,woowup.com,7.8K
0.42%,Retail,"387,480",DeFuegos,"275,590","4,787,236",,,,14.10,00:12:09,0%,0%,0%,0%,58.60%,41.40%,defuegos.com,1.0K
8.81%,Retail,"1,690",Covedisa,"95,065","5,088,060",,,,3.06,00:02:26,4.55%,0%,0%,0%,95.45%,0%,covedisa.com.ar,2.0K
60.86%,,"10,665",Big Data Machine,"65,391","3,552,935",,,,2.06,00:04:14,25.02%,0%,31.03%,10.34%,20.04%,13.57%,bigdatamachine.net,4.4K
4.79%,,,Dr. Martens,"48,287","2,787,587",,,4805-1762,6.05,00:01:30,7.55%,0%,5.66%,7.55%,39.62%,39.62%,ukboots.com.ar,3.4K
50.46%,Plataformas,"210,349",Lnea de Compras,"51,591","2,405,611",,,,2.01,00:00:59,24.23%,0%,0%,4.14%,70.69%,0.94%,lineadecompras.com,7.6K
31.00%,Retail,1,Nike,249,416,78.52%,21.48%,,8.25,00:04:05,25.87%,2.25%,3.58%,22.91%,40.04%,5.35%,nike.com,59.5M
28.59%,Retail,,Panasonic,"20,940","1,263,048",,,,3.79,00:02:38,11.91%,0%,0%,30.07%,58.02%,0%,shop.panasonic.com.ar,13.2K
52.74%,Comunicacin,870,Personal,58,"6,888",77.77%,22.23%,,5.05,00:04:09,29.65%,0.26%,7.97%,13.18%,43.33%,5.60%,personal.com.ar,5.9M
82.84%,,"62,920",Andrea Bo,"376,430","15,730,107",,,(011) 4787 5048,1.29,00:00:00,0%,0%,0%,0%,50.00%,50.00%,andreabo.com.ar,399
72.73%,Retail,"247,608",Lucaioli,"50,835","2,874,954",,,,2.11,00:01:48,69.02%,0%,0%,0%,30.98%,0%,lucaioli.com.ar,6.1K
18.39%,Retail,"1,863",MARTINA DITRENTO,"1,404","115,007",100%,0%,,15.87,00:09:25,44.59%,0%,0.65%,17.70%,35.68%,1.38%,martinaditrento.com,149.3K
60.11%,Retail,"2,285",Desli,"11,550","708,366",100%,0%,,4.83,00:03:09,0%,0%,41.71%,6.55%,11.39%,40.34%,desli.com,26.5K
46.15%,Retail,"45,834",Karcher,"129,041","413,166",100%,0%,,2.96,00:02:03,41.53%,0%,0%,13.32%,45.07%,0.08%,karcher.com,69.0K
50.75%,,"273,745",BsAs ProAudio,"29,944","1,801,751",,,11.4671.6692,4.35,00:03:22,5.08%,0%,0%,0.85%,94.07%,0%,bsasproaudio.com.ar,7.5K
37.52%,Retail,"71,412",Novogar,"9,392","592,516",100%,0%,,3.75,00:03:11,24.71%,0%,2.63%,4.68%,65.21%,2.78%,novogar.com.ar,35.8K
23.09%,Retail,"2,302",Sarkany,"1,861","142,925",97.01%,2.99%,0800-77-74259,16.26,00:04:25,8.24%,0.06%,26.03%,11.44%,40.33%,13.91%,rickysarkany.com,108.6K
22.40%,,"378,081",Corfam,"43,136","2,370,886",,,(011) 45820777,5.56,00:03:38,0%,0%,15.79%,9.05%,70.06%,5.11%,corfam.com,4.5K
88.71%,Retail,,nico Club de Vinos,,,,,,1.70,00:01:01,0%,0%,0%,0%,0%,0%,unicoclubdevinos.com,7.3K
30.09%,,,Pronotebooks,"82,091","4,480,004",,,,1.89,00:02:42,11.76%,0%,8.82%,32.35%,47.06%,0%,pronotebooks.com.ar,3.5K
26.07%,Retail,"3,139",47 Street,"2,652","199,449",94.19%,5.81%,,8.25,00:05:45,18.53%,0%,3.06%,24.11%,46.56%,7.74%,47street.com.ar,101.4K
48.79%,,"53,299",Trip Now,"25,087","1,488,751",,,5217-9777,2.64,00:01:42,22.14%,0%,36.48%,12.16%,29.22%,0%,tripnow.com.ar,11.9K
0%,Retail,,Caro Cuore,,,,,,0.00,00:00:00,0%,0%,0%,0%,0%,0%,carocuore.com.ar,0
44.17%,Pagos,"2,474",Paymentez,"21,584","356,153",100%,0%,,2.83,00:02:26,17.64%,0%,3.98%,73.23%,4.60%,0.55%,paymentez.com,79.8K
24.77%,,"252,564",Tienda Objetos,"51,169","2,939,575",,,011-5263-3736,6.00,00:06:12,18.03%,0%,0%,1.64%,80.33%,0%,tiendaobjetos.com.ar,3.1K
45.33%,Retail,"3,237",Carrefour,409,"37,485",87.94%,12.06%,,3.92,00:02:50,27.07%,0.79%,2.76%,8.06%,57.48%,3.84%,carrefour.com.ar,1.0M
38.59%,,112,PedidosYa,379,"35,682",51.06%,48.94%,6841 9135,5.04,00:05:03,37.00%,0.48%,4.41%,12.74%,43.29%,2.08%,pedidosya.com.ar,960.8K
58.83%,,"9,886",Gpsmundo.com,"18,080","1,121,854",,,0810-345-4477,3.13,00:02:02,10.66%,0%,0%,2.46%,74.18%,12.70%,gpsmundo.com,16.7K
67.97%,Retail,"127,019",Crdoba e-shop,"23,450","1,414,547",,,Tel: (0351) 426 5978,1.94,00:01:45,18.46%,5.83%,0%,16.94%,58.77%,0%,cordobaeshop.com.ar,16.9K
0%,Retail,889,Clefer.W.Ferrari,"366,198","15,388,458",,,,8.63,00:01:02,0%,0%,0%,100.00%,0%,0%,cleferwferrari.com,150
49.96%,Retail,47,NETSHOES,125,"13,027",39.54%,60.46%,,5.85,00:04:36,38.02%,14.67%,10.70%,8.65%,21.41%,6.55%,netshoes.com.ar,2.7M
95.58%,Medios de comunicacin,"260,476",Agea S.A,"353,627","14,961,817",,,,1.03,00:00:00,100.00%,0%,0%,0%,0%,0%,autos.clarin.com,460
,Logstica,,LionXpress,,,,,,,,,,,,,,lionxpress.com.ar,
41.12%,Retail,"13,800",ClubPoint,"12,384","616,833",100%,0%,,4.52,00:02:09,2.50%,0%,66.61%,3.36%,27.33%,0.21%,clubpoint.com,30.7K
28.84%,Retail,"1,068",Natura,490,"44,293",96.81%,3.19%,,4.68,00:06:45,40.64%,1.32%,1.49%,15.44%,36.24%,4.87%,naturacosmeticos.com.ar,841.3K
45.40%,Turismo,677,Interturis,"4,956","354,330",70.92%,29.08%,,3.05,00:03:20,13.58%,0.42%,4.38%,18.15%,62.71%,0.76%,interturis.com.ar,75.5K
40.84%,,730,emBlue,"9,017","413,833",99.5%,0.5%,,2.44,00:02:44,13.80%,0%,39.74%,24.95%,15.03%,6.49%,embluemail.com,71.4K
25.15%,,,Fashionline,"43,179","2,524,565",,,,4.62,00:01:27,0%,0%,86.67%,1.67%,1.67%,10.00%,fashionline.com.ar,4.3K
0%,Pagos,,ClicPago,,,,,011 47750097,0.00,00:00:00,0%,0%,0%,0%,0%,0%,clicpago.com,0
24.28%,,833,Datasoft,"5,809","397,146",100%,0%,(5411) 4393-3100,5.83,00:04:42,20.13%,0%,8.39%,9.38%,61.55%,0.54%,datasoft.com.ar,47.1K
39.97%,,"6,262",Zelucash,"13,980","678,639",75.06%,24.94%,011 41042000,5.25,00:04:37,13.07%,10.55%,0%,3.15%,32.81%,40.42%,zelucash.com,25.6K
25.21%,Retail,92,AlaMaula,87,"9,299",100%,0%,,7.54,00:07:40,31.30%,0.06%,6.93%,12.83%,46.02%,2.86%,alamaula.com,3.4M
36.08%,,"2,340,924",Harvey comunicacin,"465,798","12,085,150",,,,1.62,00:00:00,31.85%,0%,0%,0%,68.15%,0%,harveycomunicacion.com,537
41.35%,,"305,681",Murillo 666,"40,264","1,977,600",,,+54261 4244701,3.11,00:01:30,13.58%,0%,0%,6.49%,79.94%,0%,murillo666.com.ar,7.8K
54.46%,,"1,173,412",Lyracons,"236,169","6,396,112",,,,1.96,00:03:31,5.34%,0%,0%,33.41%,61.24%,0%,lyracons.com,1.5K
53.44%,,"150,890",IntermediaSP,"55,262","3,033,576",,,54 11 50329999,1.96,00:01:38,29.17%,1.01%,0%,23.56%,46.27%,0%,intermediasp.com,5.1K
16.99%,,"125,781",Nh autopiezas,"123,172","5,934,778",,,,5.20,00:02:49,6.94%,0%,0%,0%,93.06%,0%,nhautopiezas.com.ar,1.1K
48.46%,,338,Doppler,"4,579","127,872",97.4%,2.6%,,7.12,00:08:29,39.47%,0.06%,7.70%,21.02%,30.66%,1.09%,fromdoppler.com,196.7K
27.66%,,17,Agroads,794,"67,526",99.82%,0.18%,,9.48,00:08:20,21.24%,0%,9.19%,9.61%,55.33%,4.63%,agroads.com.ar,978.8K
,Retail,,Stone,,,,,,,,,,,,,,stone-jeans.com,
46.28%,,"40,628",Bazar Profesional,"24,762","1,491,108",,,(011) 6009-1589,2.96,00:02:15,22.76%,0%,0%,10.39%,63.87%,2.97%,bazarprofesional.com.ar,11.7K
47.44%,Marketing Online,"1,054,614",ClickExperts,"146,538","5,811,952",,,,2.29,00:01:16,26.78%,0%,0%,2.41%,70.81%,0%,clickexperts.com,1.7K
,Seguros,,Gestin y Servicios,,,,,,,,,,,,,,gyssrl.com,
54.26%,Retail,"17,795",Juleriaque,"7,204","474,372",71.16%,28.84%,,4.45,00:03:04,7.55%,0%,9.98%,7.76%,72.18%,2.53%,juleriaque.com.ar,45.1K
31.63%,Retail,"1,055",Tienda River,"3,231","231,499",73.65%,26.35%,,5.29,00:03:53,10.97%,4.08%,15.75%,16.86%,34.89%,17.45%,tiendariver.com,101.2K
39.06%,Retail,"28,087",Shenshina,"42,049","2,352,755",,,,2.87,00:01:36,7.86%,0%,0%,29.67%,62.48%,0%,shenshina.com,6.2K
0.85%,Retail,"184,869",Owo,"35,198","2,095,123",,,,5.28,00:01:56,5.50%,0%,0%,0.92%,46.79%,46.79%,owonet.com.ar,13.9K
33.18%,,"523,162",Tomas Web,"155,873","5,877,098",,,11 5263-0546.,1.95,00:04:10,0%,0%,0%,87.56%,9.70%,2.73%,tomasweb.com.ar,2.2K
27.21%,Retail,"1,144",Cheeky,"2,920","223,709",82.65%,17.35%,,5.79,00:04:31,0%,1.26%,30.06%,6.83%,44.42%,17.43%,cheeky.com.ar,98.0K
14.36%,,"650,243",VirtuaCom,"396,650","15,539,125",,,,6.99,00:02:35,0%,0%,0%,0%,14.36%,85.64%,virtuacom.net,159
24.22%,Turismo,"128,292",ADD Travel Group,"268,784","12,035,566",,,,2.10,00:04:58,100.00%,0%,0%,0%,0%,0%,addtravelgroup.com,615
56.15%,,"501,943",Praga Home,"52,931","3,027,857",,,0810-777-0377,2.54,00:04:09,14.75%,0%,0%,0%,83.61%,1.64%,pragahome.com.ar,4.6K
45.03%,,,ArmandoMicasa,"46,478","2,638,838",,,,3.87,00:01:54,31.33%,0%,0%,1.49%,67.18%,0%,armandomicasa.com.ar,4.7K
27.85%,Retail,,Heben Store,"30,188","1,813,680",,,,6.71,00:03:48,9.38%,0%,0%,9.38%,64.06%,17.19%,hebenstore.com,6.1K
39.30%,Alimentacin,"786,966",Estancia San Francisco,"82,261","4,486,400",,,4697-2851/6611/4016,3.12,00:04:18,0%,0%,0%,0%,96.88%,3.13%,esanfrancisco.com.ar,2.6K
18.27%,Retail,"27,905",La Cardeuse,"19,511","1,175,023",,,,6.09,00:05:09,4.47%,0%,1.49%,22.83%,71.22%,0%,lacardeuse.com.ar,10.9K
67.19%,Turismo,"1,032",BusPlus,"2,191","167,716",57.4%,42.6%,0810-333-7575,2.16,00:02:06,57.40%,0.05%,0.83%,30.04%,10.72%,0.97%,busplus.com.ar,209.8K
98.13%,Retail,"62,639",Grupo Marquez,"5,904,634","11,540,893",,,,1.00,00:00:00,0%,0%,0%,0%,100.00%,0%,grupomarquez.com.ar,878
66.51%,,"2,780,580",Regin Global,"333,475","14,285,203",,,,1.33,00:00:00,50.00%,0%,0%,0%,50.00%,0%,regionglobal.com,428
25.99%,Retail,"323,806",SinEtiquetas.com,"63,659","3,576,304",,,,6.19,00:02:34,0%,0%,0%,29.73%,70.27%,0%,sinetiquetas.com,2.4K
22.75%,Retail,"69,272",Mary & Joe,"51,868","2,908,140",,,,4.85,00:02:47,2.20%,0%,0%,0%,95.61%,2.20%,maryjoe.com.ar,3.5K
56.83%,Turismo,"33,517",Guajira Viajes,"46,701","2,635,730",,,,1.87,00:01:58,5.61%,0%,4.21%,0%,90.18%,0%,guajira.com.ar,7.0K
36.39%,,"112,817",Simmons,"14,003","861,052",100%,0%,011-4365-9450,3.70,00:02:47,14.29%,1.78%,0%,16.57%,67.36%,0%,simmons.com.ar,21.5K
,,,SPSS,,,,,,,,,,,,,,spss.com.ar,
,,,Blumimax,,,,,114439.7900,,,,,,,,,blumimax.com,
34.54%,Alimentacin,,The Food Market,"15,478","959,689",98.49%,1.51%,1549393330,7.73,00:06:19,14.15%,0%,1.36%,4.97%,33.85%,45.67%,thefoodmarket.com.ar,12.8K
32.54%,,,Ubit,,,,,,5.02,00:04:22,0%,0%,0%,0%,0%,0%,universobit.com.ar,71.6K
0%,Capacitacin,,English Medianet,,,,,,0.00,00:00:00,0%,0%,0%,0%,0%,0%,englishmedianet.com,0
0%,Retail,,Le Loup,,,,,,0.00,00:00:00,0%,0%,0%,0%,0%,0%,shop.leloup.com.ar,0
0%,Retail,,NG Distribucin,,,,,,0.00,00:00:00,0%,0%,0%,0%,0%,0%,ngdistribucion.com.ar,0
41.71%,Retail,"94,778",Motormax,"181,657","8,756,455",,,,1.98,00:01:00,75.00%,0%,0%,12.50%,12.50%,0%,motormax.la,850
42.20%,Retail,"42,722",Todo Grifera,"5,715","390,275",56.22%,43.78%,,4.62,00:04:00,7.91%,0.58%,13.29%,12.52%,64.16%,1.54%,todogriferia.com,54.7K
48.44%,,,Citadium Store,"8,000","524,052",70.13%,29.87%,4-765-3635,6.15,00:03:39,17.19%,0%,16.98%,3.48%,38.98%,23.37%,citadium.com.ar,34.0K
22.84%,Retail,"30,794",Benito Fernandez,"20,995","1,288,420",,,,7.32,00:03:04,14.09%,0%,0%,34.23%,47.65%,4.03%,benitofernandez.com.ar,8.8K
49.85%,Retail,"14,839",MacTools,"321,438","11,097,761",,,,4.01,00:01:36,0%,0%,0%,0%,100.00%,0%,mac-tools.com.ar,393
31.09%,Turismo,725,Avan Trip,845,"74,145",54.51%,45.49%,,4.87,00:05:48,12.66%,2.06%,18.58%,28.83%,34.78%,3.10%,avantrip.com,429.2K
0%,Plataformas,,Tween SA,,,,,,0.00,00:00:00,0%,0%,0%,0%,0%,0%,tween.com.ar,0
38.68%,Retail,"1,210",Sony Store Online,"1,620","126,050",79.74%,20.26%,(011) 6770-7669,3.65,00:03:30,8.80%,0%,13.79%,8.63%,64.02%,4.76%,sony.com.ar,262.3K
36.50%,Retail,"13,832",Jetzi,"46,549","2,670,182",,,,4.62,00:04:33,35.74%,0%,0%,35.74%,28.52%,0%,jetzi.com,4.3K
19.78%,Logstica,"23,959",TLA Transporte,"89,867","4,845,335",,,,3.26,00:00:16,3.70%,0%,0%,0%,96.30%,0%,tlatransporte.com.ar,2.0K
0%,Logstica,,Sell2Ship,,,,,,0.00,00:00:00,0%,0%,0%,0%,0%,0%,sell2ship.com,0
0.96%,,,Jooks,"524,270","19,781,609",,,1537724318,1.85,00:01:39,0%,0%,0%,100.00%,0%,0%,jooks.com.ar,210
34.94%,,"81,282",Estancias Chiripa,"13,313","842,391",93.55%,6.45%,+5411 4666-4092,4.65,00:04:21,0%,11.21%,17.76%,23.68%,31.46%,15.89%,estanciaschiripa.com.ar,20.2K
45.17%,Retail,"1,058",Cetrogar,"1,270","108,832",52.29%,47.71%,,3.44,00:03:56,15.69%,2.94%,7.23%,10.82%,56.49%,6.83%,cetrogar.com.ar,310.6K
41.40%,Retail,"186,935",Trabuco Hogar,"34,317","2,015,082",,,,3.70,00:04:11,17.10%,0%,21.98%,0%,59.70%,1.22%,trabucohogar.com.ar,7.3K
60.37%,,"108,126",Ombu Shop,"69,517","1,201,645",,,,1.94,00:01:54,9.32%,0%,1.08%,5.46%,81.63%,2.51%,ombushop.com,22.4K
44.42%,,"321,343",Andesmar Cargas,"35,864","2,063,538",,,0810-122 4300,2.58,00:02:04,0.34%,0.85%,0%,46.96%,51.85%,0%,andesmarcargas.com,7.9K
10.61%,,73,Banco Credicoop,100,"10,891",100%,0%,51660045,10.03,00:06:53,47.86%,0.01%,5.45%,17.47%,27.86%,1.35%,bancocredicoop.coop,2.6M
,,,Chenque Anuncios,,,,,,,,,,,,,,chenqueanuncios.com,
0%,,,Digital Domino,,,,,(11)51450546,0.00,00:00:00,0%,0%,0%,0%,0%,0%,digitaldomino.net,0
0%,Turismo,,Exodo Travel,,,,,,0.00,00:00:00,0%,0%,0%,0%,0%,0%,exodotravel.com,0
85.35%,Retail,"26,592",Carestino,"4,322","310,199",42.26%,57.74%,,1.54,00:01:03,16.24%,0.40%,0%,7.64%,58.03%,17.69%,carestino.com,128.2K
56.03%,Retail,75,Staples,"2,883","205,981",66.19%,33.81%,,5.48,00:02:24,20.87%,5.32%,0.79%,9.74%,57.74%,5.54%,staples.com.ar,117.1K
68.41%,,,IP 360 Agency,"369,784","15,523,672",,,,1.32,00:00:04,85.71%,0%,0%,0%,0%,14.29%,ip360.agency,428
38.48%,Retail,"2,138",Mary & Joe,"1,639","132,571",64.14%,35.86%,,6.58,00:05:32,0%,0.97%,41.22%,9.37%,31.75%,16.69%,fotter.com.ar,183.6K
17.66%,,"125,316",LS2,"23,142","1,395,615",,,+54 11 5368-2357,7.12,00:05:15,34.85%,0%,0%,20.62%,43.82%,0.71%,ls2.com.ar,8.5K
36.52%,Retail,"7,283",Rollpix,"143,801","1,598,467",,,,5.98,00:06:29,31.26%,0%,2.72%,55.92%,9.19%,0.91%,rollpix.com,8.0K
,Marketing Online,,Punto Rojo Marketing,,,,,4772-9455,,,,,,,,,puntorojomarketing.com,
34.66%,,"13,769",Editorial Errepar,"1,987","156,464",99.07%,0.93%,,6.58,00:05:55,11.38%,0%,20.68%,28.40%,35.14%,4.39%,errepar.com,151.3K
,Seguros,,Seguros en Directo,,,,,,,,,,,,,,segurosendirecto.com.ar,
71.02%,Retail,"1,480",Dietrich,"7,495","488,382",81.23%,18.77%,,2.13,00:01:22,5.69%,0.99%,2.96%,5.53%,83.03%,1.81%,onlinedietrich.com,61.9K
23.81%,Logstica,"8,023",South Post,"156,328","7,735,246",,,,3.21,00:03:26,0%,0%,0%,0%,100.00%,0%,southpost.com.ar,828
0%,Retail,"126,179",T&S Home,"292,405","12,886,301",,,(011) 5263-0769,9.00,00:13:32,0%,0%,0%,0%,100.00%,0%,tshome.com.ar,199
62.77%,,"219,508",Web Centrix,"97,132","4,644,902",,,,1.59,00:00:40,44.87%,0%,0%,1.40%,53.73%,0%,wcentrix.com,3.2K
21.58%,,"81,522",Depot,"14,772","907,593",91.07%,8.93%,,3.92,00:02:41,17.17%,0%,0%,13.78%,67.70%,1.36%,depot.com.ar,19.1K
29.10%,Retail,"4,726",BlowPack,"40,661","2,393,025",,,,12.14,00:08:23,15.38%,0%,0%,2.56%,79.49%,2.56%,blowpack.com.ar,3.0K
38.70%,,"151,716",Garden Life,"18,645","1,101,029",,,02320553000,3.79,00:02:54,12.58%,0%,1.11%,8.29%,43.78%,34.25%,gardenlife.me,15.5K
36.52%,Logstica,"25,301",LOGIRPLA,"59,656","3,373,408",,,,2.38,00:01:41,12.63%,0%,18.95%,67.37%,1.05%,0%,logirpla.com.ar,4.4K
13.16%,Retail,"512,038",Rivera Hogar,"130,691","6,663,164",,,,2.60,00:01:39,0%,0%,0%,0%,100.00%,0%,riverahogar.com.ar,1.4K
28.13%,,142,Bumeran,122,"12,427",100%,0%,,9.02,00:07:31,29.64%,0.03%,19.14%,19.84%,28.58%,2.77%,bumeran.com.ar,2.4M
56.55%,Entretenimientos,761,Directv,353,"32,453",85.91%,14.09%,,2.99,00:03:21,15.22%,5.54%,17.64%,14.37%,44.62%,2.61%,directv.com.ar,1.4M
77.97%,Retail,"418,647",Jacky Idoo,"48,315","2,589,176",,,,1.86,00:01:36,25.62%,0%,34.75%,19.81%,19.81%,0%,jackyiddo.com,8.0K
54.50%,Turismo,"3,423",Asegura tu viaje,"26,541","534,830",98.74%,1.26%,5239.5000,2.73,00:05:40,20.01%,0.21%,1.00%,59.77%,16.58%,2.43%,aseguratuviaje.com,52.0K
54.34%,Turismo,"3,501",Club Med Argentina,"9,971","620,046",42.71%,57.29%,+54(11) 4313-2006,3.20,00:02:48,7.55%,6.83%,10.58%,12.79%,58.72%,3.53%,clubmed.com.ar,35.9K
27.98%,,,La Martina,"22,136","1,180,175",,,,4.19,00:02:49,3.55%,0%,22.00%,37.22%,23.67%,13.56%,shop.lamartina.com.ar,13.4K
80.68%,,"571,358",Camas Articuladas Flex,"153,616","7,626,128",,,011-153-242-5430,1.12,00:00:06,19.05%,0%,0%,0%,28.57%,52.38%,camasarticuladas.com.ar,1.6K
15.85%,Retail,,MeCanse,"40,943","2,408,544",,,,7.84,00:04:51,36.36%,0%,0%,13.64%,47.73%,2.27%,mecanse.com.ar,3.7K
,Marketing Online,,Planes Marketing Digital,,,,,,,,,,,,,,planesdigital.com.ar,
24.22%,Retail,262,Boating,"17,624","1,082,673",,,,4.13,00:02:34,1.48%,0%,34.35%,17.74%,38.68%,7.76%,boating.com.ar,15.0K
,Retail,,Blaqu,,,,,,,,,,,,,,http:blaque.com.ar,
0%,,,Grupo Netcom,,,,,,0.00,00:00:00,0%,0%,0%,0%,0%,0%,grupo-netcom.com,0
30.40%,Turismo,"41,926",ZonaTrip,"67,173","3,343,540",,,,5.88,00:05:28,65.40%,0%,11.35%,3.78%,19.47%,0%,zonatrip.com,2.7K
51.61%,,"196,815",Exceda,"132,192","1,367,503",,,+54 11 5277.3923,2.04,00:01:49,40.86%,0%,0%,25.81%,32.86%,0.47%,exceda.com,15.8K
45.06%,Marketing Online,"256,481",Intellignos  SA,"130,156","5,520,285",,,,2.12,00:02:01,25.50%,0%,0%,0%,42.96%,31.54%,intellignos.com,1.8K
63.05%,Retail,"27,519",Whirpool Store,"4,396","320,610",26.58%,73.42%,,1.88,00:01:18,22.04%,53.48%,3.72%,6.92%,10.21%,3.63%,whirlpoolstore.com.ar,113.0K
44.49%,Retail,"20,485",The Net Boutique,"3,270","241,684",60.15%,39.85%,,5.16,00:04:10,3.37%,0.33%,18.51%,19.71%,28.85%,29.24%,thenetboutique.com,93.4K
33.35%,,"246,152",IDS Soluciones Ecommerce,"99,161","5,275,625",,,54 (11) 4961.9249,2.15,00:02:07,0%,0%,0%,3.70%,96.30%,0%,ids.net.ar,2.4K
0%,,,Flower Store,,,,,15-6023- 0368,0.00,00:00:00,0%,0%,0%,0%,0%,0%,flowerstore.com.ar,0
20.19%,,"4,601",Tarjeta PriVip,"151,477","7,537,306",,,5253-1308,4.19,00:00:16,100.00%,0%,0%,0%,0%,0%,tarjetaprivip.com.ar,758
48.89%,Turismo,"3,635",Partiendo.com,"1,226,870","9,318,511",,,,2.19,00:02:57,59.69%,0%,0%,0%,40.31%,0%,partiendo.com,896
46.07%,,"40,086",QA Company,"65,919","3,691,949",,,(+ 54) 011 4813 8848,2.79,00:03:45,87.76%,0%,0%,12.24%,0%,0%,qa.com.ar,4.4K
69.52%,,"422,062",Contimedios,"86,799","4,705,289",,,236 4433783 - 4446308,5.25,00:04:08,100.00%,0%,0%,0%,0%,0%,contimedios.com.ar,1.9K
58.43%,Servicios,"9,443",CFI- Consejo Federal de Inversiones,"12,378","759,500",100%,0%,,2.04,00:01:52,30.72%,0%,0%,8.17%,60.89%,0.21%,cfi.org.ar,37.3K
35.47%,Retail,"25,525",Chakana Wines,"30,330","1,726,230",,,,3.93,00:02:53,6.13%,0%,32.67%,15.23%,39.64%,6.32%,chakanawines.com.ar,8.5K
89.15%,Marketing Online,"2,779",WinClap,"74,255","161,388",100%,0%,,1.13,00:00:27,43.37%,0%,10.25%,14.21%,21.66%,10.52%,winclap.com,366.6K
26.06%,Retail,"1,960",Topper,"1,443","120,291",74.15%,25.85%,,10.69,00:07:10,4.64%,1.23%,22.35%,17.02%,27.91%,26.85%,topper.com.ar,161.7K
54.83%,,,Movr,"1,013,698","9,163,140",,,+5491144074853,2.07,00:01:16,56.18%,0%,0%,17.84%,0%,25.98%,movrbox.com,1.0K
72.01%,Logstica,"236,392",Elogstica,"234,532","9,853,571",,,,1.24,00:00:39,0%,0%,0%,0%,100.00%,0%,elogistica.com,1.0K
27.91%,Entretenimientos,"1,367",CinemaCenter,"1,412","119,640",100%,0%,,3.94,00:03:17,33.85%,0%,2.27%,14.85%,44.54%,4.49%,cinemacenter.com.ar,265.5K
59.96%,Pagos,"32,111",Ripio,"4,756","310,476",100%,0%,,3.09,00:03:55,51.98%,0%,5.69%,12.53%,15.58%,14.21%,ripio.com,96.9K
29.43%,Retail,"139,449",Besha,"25,622","1,485,114",,,,4.15,00:01:58,24.68%,0%,13.07%,7.90%,50.00%,4.36%,besha.com.ar,9.9K
43.13%,,"210,945",Wonoma,"187,542","8,994,927",,,1140856256,1.95,00:01:20,12.50%,0%,0%,12.50%,75.00%,0%,wonoma.com,900
52.92%,Retail,"839,493",Sky Blue,"91,100","4,748,445",,,,2.42,00:01:54,0%,0%,0%,2.86%,97.14%,0%,skyblue.com.ar,2.4K
52.68%,Retail,,eCare Shop,,,100%,0%,,2.53,00:01:00,8.50%,0%,0%,13.78%,77.72%,0%,tienda.ecareshop.com.ar,3.3K
31.50%,,"131,597",Daytona,"15,701","978,171",73.74%,26.26%,,4.48,00:04:33,35.39%,0%,9.42%,8.28%,46.91%,0%,daytona.com.ar,17.1K
39.42%,,,Centralbuzios.com,"13,364","769,408",40.67%,59.33%,0810-222-1211,5.00,00:06:40,39.92%,2.38%,0.57%,10.48%,43.72%,2.94%,centralbuzios.com,24.0K
0%,Retail,,Abrafer,,,,,,0.00,00:00:00,0%,0%,0%,0%,0%,0%,abrafersrl.com.ar,0
1.72%,,"39,872",Punto Gamer,"106,523","4,396,211",,,011 4342-2332,2.83,00:04:09,5.51%,0%,0%,60.61%,28.37%,5.51%,puntogamer.com.ar,2.4K
0%,,,Speed Rider,"200,217","9,490,939",,,+54 11 2045-1231,8.57,00:26:48,0%,0%,0%,0%,100.00%,0%,speedrider.com.ar,354
100.00%,,"83,936",SYT,"836,720","23,057,276",,,,1.00,00:00:00,100.00%,0%,0%,0%,0%,0%,syt.net,194
26.01%,Retail,"520,813",Pisano Pintureras,"54,849","3,126,664",,,0810 666 9999,3.26,00:01:59,18.97%,0%,0%,1.72%,79.31%,0%,pisano.com.ar,4.0K
66.28%,,"227,092",Ukelele,"201,569","9,540,541",,,4788 3843,1.50,00:01:30,27.27%,0%,0%,0%,72.73%,0%,ukelele.la,840
49.92%,Retail,"17,113",Moda Pura,"22,020","1,302,133",,,,4.66,00:03:31,16.09%,0%,2.01%,4.02%,21.56%,56.31%,modapura.com,11.5K
18.02%,Retail,"91,542",El Burgus,"11,809","726,097",90.07%,9.93%,,6.35,00:04:56,31.85%,0%,8.62%,16.75%,25.89%,16.88%,elburgues.com,21.2K
24.90%,Retail,"432,354",Likeeds,"103,076","5,447,122",,,,2.31,00:03:33,0%,0%,3.57%,39.29%,57.14%,0%,likeeds.com,1.9K
59.62%,Retail,"11,086",DeSillas.com,"6,769","454,358",18.95%,81.05%,,2.53,00:03:02,22.50%,5.22%,0%,6.24%,58.27%,7.77%,desillas.com,60.2K
27.58%,Retail,"14,866",Mimo & Co,"2,298","176,518",78.63%,21.37%,,9.01,00:04:48,0%,3.28%,29.33%,11.97%,45.22%,10.21%,mimo.com.ar,108.6K
0%,Retail,,Paez,,,,,,0.00,00:00:00,0%,0%,0%,0%,0%,0%,laspaez.com.ar,0
22.50%,Retail,"130,619",Espacio Exclusivo,"49,407","2,846,539",,,,7.51,00:03:31,0%,0%,84.09%,13.64%,2.27%,0%,espacioexclusivo.com,3.0K
,Retail,,Digital Sport,,,,,0341-4267826,,,,,,,,,digital-sport.com.ar,
0%,,,COMDI,,,,,,0.00,00:00:00,0%,0%,0%,0%,0%,0%,comdi.com.ar,0
86.69%,Logstica,"173,896",Enviado.com,"301,184","13,187,028",,,,1.00,00:00:00,0%,0%,0%,0%,100.00%,0%,enviado.com,624
41.20%,Pagos,"859,274",Decidir,"89,893","4,846,769",,,,2.00,00:00:34,47.06%,0%,0%,2.94%,47.06%,2.94%,decidir.com.ar,2.6K
0%,,,Alma Comunicacin Creativa,,,,,,0.00,00:00:00,0%,0%,0%,0%,0%,0%,miramistrabajos.com,0
36.71%,,,Compaa del Sol,"15,839","989,749",100%,0%,011 4790-8119,4.86,00:03:14,17.90%,0%,0%,2.62%,59.39%,20.09%,companiadelsol.com,15.7K
0%,Retail,,Delta Fresh,,,,,,0.00,00:00:00,0%,0%,0%,0%,0%,0%,deltafresh.com.ar,0
38.30%,Retail,"17,473",Airborn,"22,514","1,333,650",,,,2.75,00:02:21,25.50%,0%,5.19%,46.41%,11.66%,11.25%,airborn.com.ar,15.0K
100.00%,,"4,514,534",Elyptics,"690,217","23,870,105",,,+54 (11) 2003-5936,1.00,00:00:00,0%,0%,0%,0%,100.00%,0%,elyptics.com,179
,,,Iurco,,,,,(+5411) 5263-2011,,,,,,,,,iurco.com,
40.75%,,"9,327",Bensimon,"10,222","653,191",80.81%,19.19%,11 47 17 4144,5.08,00:03:14,12.11%,0%,0%,22.33%,48.69%,16.86%,bensimon.com.ar,26.9K
98.25%,,"510,747",EGS,"329,284","11,894,258",,,,1.00,00:00:00,0%,0%,0%,37.72%,62.28%,0%,egsolus.com.ar,706
,Consultoria,,E-bit,,,,,,,,,,,,,,ebit.com.ar,
23.63%,,"37,618",Castillo,"12,971","811,465",100%,0%,381 4315009,4.32,00:02:58,8.98%,0%,1.12%,2.24%,87.28%,0.37%,castilloweb.com.ar,23.2K
48.02%,Servicio Full eCommerce,"21,174",GENWORDS,"86,956","1,525,568",,,,1.56,00:01:30,18.80%,0%,0%,1.63%,73.83%,5.74%,genwords.com,18.1K
35.19%,,"20,004",Coovaeco Turismo,"25,703","1,546,511",,,+54 (341) 421-6524,7.16,00:07:20,37.92%,0%,2.53%,20.22%,34.27%,5.06%,coovaeco.com,7.5K
31.97%,,"53,220",Authogar,"9,229","600,958",100%,0%,0810-999-9900,6.11,00:05:45,3.25%,0%,7.66%,2.55%,80.51%,6.03%,authogar.com,27.2K
,Hardware & software,,QSC Soluciones,,,,,,,,,,,,,,http:qscweb.com.ar,
100.00%,Comunicacin,"514,728",Parla Comunicaciones,"411,887","25,039,317",,,,1.00,00:00:00,100.00%,0%,0%,0%,0%,0%,parlacomunicaciones.com.ar,160
27.24%,Retail,,Telefnica Movil SA,,,100%,0%,,6.57,00:05:01,0%,0.02%,27.48%,56.19%,14.59%,1.72%,web.telefonica.com.ar,826.7K
58.21%,,"5,343",Vitaminasa.com,"25,577","1,537,430",,,,2.26,00:01:46,7.91%,0%,1.69%,3.39%,87.01%,0%,vitaminasa.com,13.0K
25.81%,,"1,037,360",Confecat,"133,677","5,727,257",,,4240-4350,3.54,00:01:50,35.19%,0%,0%,3.47%,61.34%,0%,confecat.com.ar,1.6K
8.17%,Retail,,Bicampeon.com,"230,618","10,675,685",,,,2.11,00:02:45,0%,0%,0%,50.00%,50.00%,0%,bicampeon.com,726
44.19%,Plataformas,1,Google,1,2,90.7%,9.3%,,9.46,00:08:39,70.51%,0.17%,0.65%,23.50%,0.72%,4.45%,google.com,30.5B
30.72%,,,Juguetera Carrousel,"38,681","2,219,714",,,(011) 4782-3221,7.42,00:03:31,2.13%,0%,0%,21.32%,76.55%,0%,shop.jugueteriascarrousel.com,4.4K
59.31%,,"5,458",Alquilando.com,"21,396","1,301,502",,,0800-220-2040,3.48,00:02:04,11.44%,0%,1.25%,3.76%,6.68%,76.87%,alquilando.com,12.7K
62.00%,,,GPS Farma,"134,257","6,812,536",,,11-4928-3622,1.16,00:00:06,3.57%,0%,0%,92.86%,3.57%,0%,gpsfarma.com,2.0K
,Servicio Full eCommerce,,Emporio Commerce,,,,,5263-2783,,,,,,,,,emporiocommerce.com.ar,
48.46%,Marketing Online,338,Doppler,"4,579","127,872",97.4%,2.6%,,7.12,00:08:29,39.47%,0.06%,7.70%,21.02%,30.66%,1.09%,fromdoppler.com,196.7K
39.50%,Plataformas,"43,053",Entrena Ya,"5,833","392,676",91.19%,8.81%,4862-8221,4.39,00:06:54,17.31%,0%,12.95%,4.71%,61.49%,3.54%,entrenaya.com.ar,59.1K
47.49%,,513,Prestigio,"5,189","366,784",63.79%,36.21%,,4.76,00:04:13,12.02%,4.74%,0.28%,6.13%,75.80%,1.02%,prestigioweb.com,57.9K
22.14%,Retail,"17,930",Gola,"23,585","1,373,040",,,,9.91,00:02:05,9.64%,0%,14.45%,6.35%,69.56%,0%,golasouth.com,7.0K
13.16%,Retail,"512,038",Rivera Hogar,"130,691","6,663,164",,,,2.60,00:01:39,0%,0%,0%,0%,100.00%,0%,riverahogar.com.ar,1.4K
42.13%,,"61,212",Tecsid,"172,400","3,452,916",,,54 (011) 4667-3800,1.79,00:00:42,0%,0%,0%,0%,80.23%,19.77%,tecsid.com,4.5K
57.22%,Retail,,BevyBar,"6,896","449,951",32.79%,67.21%,,2.74,00:02:53,7.98%,0.58%,15.17%,12.26%,37.77%,26.24%,bevybar.com.ar,58.5K
57.93%,,"2,112",BidCom,"2,907","217,918",49.42%,50.58%,,4.43,00:04:04,3.53%,0.50%,42.37%,11.59%,33.97%,8.04%,bidcom.com.ar,118.8K
24.93%,Retail,"1,962",Kevingston,"6,571","423,215",87.11%,12.89%,,6.20,00:04:14,11.04%,0%,34.32%,10.50%,43.14%,1.01%,kevingston.com,41.8K
25.90%,,"471,898",Fotos Nino,"49,890","2,870,744",,,0810 -999-6952,7.55,00:05:32,0%,0%,12.77%,0%,87.23%,0%,fotosnino.com,3.2K
27.21%,Retail,"1,144",Cheeky,"2,920","223,709",82.65%,17.35%,,5.79,00:04:31,0%,1.26%,30.06%,6.83%,44.42%,17.43%,cheeky.com.ar,98.0K
40.36%,Hardware & software,"14,674",ITEC Tecnologas,"139,374","5,885,248",,,,1.79,00:02:47,0%,0%,0%,28.99%,71.01%,0%,tiendaitec.com,2.1K
26.94%,,,Malibu Outfitters,"12,579","784,038",100%,0%,,6.18,00:05:38,34.49%,0%,0.76%,11.70%,14.51%,38.54%,malibuoutfitters.com.ar,19.1K
44.63%,Retail,"12,871",Carla Danelli,"15,033","936,820",97.97%,2.03%,,5.60,00:03:06,0%,0%,26.39%,18.28%,22.26%,33.07%,carladanelli.com.ar,15.2K
53.50%,Pagos,"7,764",Accertify,"826,199","2,473,435",,,,2.89,00:02:05,33.27%,0%,1.74%,2.64%,62.35%,0%,accertify.com,5.5K
31.65%,Retail,583,Adidas,368,"33,712",71.37%,28.63%,,6.67,00:05:58,24.32%,4.18%,15.05%,11.72%,41.03%,3.70%,adidas.com.ar,912.3K
56.08%,Emprendedores,"37,441",Educabilia,"301,883","2,077,666",,,46007910,1.09,00:00:15,21.53%,0%,0%,7.52%,57.74%,13.21%,educabilia.com,18.5K
77.95%,Compras colectivas,"87,316",Cupnica,"44,754","2,466,278",,,,2.45,00:01:34,27.09%,0%,0%,1.04%,71.87%,0%,cuponica.com,6.3K
26.00%,,"521,840",Motologik,"57,603","3,132,159",,,011-4964-5067,4.24,00:03:07,26.09%,0%,0%,26.09%,46.19%,1.63%,motologik.com,3.5K
37.83%,,,Posco,"43,048","2,465,392",,,1563689482,2.45,00:02:16,47.88%,0%,2.53%,34.64%,14.10%,0.84%,posco.com.ar,6.8K
80.99%,Seguros,"8,453",CompreSeguros.com,"30,381","1,806,147",,,,1.45,00:01:32,0%,7.19%,0%,13.17%,78.44%,1.20%,compreseguros.com,14.2K
11.97%,Retail,,Mercado Trajano,"114,372","5,452,169",,,,6.09,00:02:06,25.11%,0%,0%,0%,49.79%,25.11%,mercadotrajano.com,1.4K
33.28%,Turismo,302,Almundo.com,375,"34,472",53.43%,46.57%,,4.94,00:06:55,15.37%,1.15%,14.15%,16.86%,46.57%,5.91%,almundo.com.ar,1.0M
,Retail,,Repuestos Network,,,,,,,,,,,,,,ventasnetwork.com.ar,
14.90%,Retail,"28,186",The Coco Room,"40,266","2,364,528",,,,5.54,00:03:39,16.39%,0%,3.51%,45.67%,34.42%,0%,thecocoroom.com,4.7K
35.31%,,"203,027",Miux,"23,609","1,402,793",,,48157294,4.57,00:02:15,14.83%,0%,0%,13.03%,36.07%,36.07%,miux.com.ar,10.1K
24.60%,Hardware & software,"37,951",Lemon Data,"29,406","1,760,308",,,,5.17,00:08:37,48.26%,0%,0%,51.13%,0.61%,0%,lemondata.com.ar,9.5K
46.80%,,,Juguetes Universales,"106,655","4,948,815",,,,6.20,00:06:29,18.06%,0%,0%,0%,81.94%,0%,juguetesuniversales.com,1.4K
32.77%,,"1,840",Catedral Alta Patagonia,"5,748","358,299",100%,0%,+54 294 4409000,6.49,00:12:36,40.19%,0%,6.05%,19.52%,33.19%,1.06%,catedralaltapatagonia.com,141.8K
98.30%,Retail,"141,610",Gorsh,"766,502","25,582,681",,,,1.00,00:00:00,0%,0%,0%,0%,0%,100.00%,gorsh.com,156
61.00%,,,MiAdelanto,"49,917","2,872,905",,,5032-2311,2.46,00:02:00,5.26%,0%,0%,5.26%,5.26%,84.21%,miadelanto.com.ar,5.4K
87.98%,Retail,"69,891",Dexter,"154,880","7,677,829",,,,1.45,00:00:13,75.00%,0%,0%,12.50%,12.50%,0%,dextershops.com,1.5K
67.88%,Retail,"12,650",Gatorade,"55,245","3,148,021",,,,2.44,00:01:02,21.95%,0%,0%,63.41%,14.63%,0%,gatorade-store.com.ar,4.9K
5.69%,Retail,"72,145",G Fast,"73,342","4,067,421",,,,3.97,00:01:53,3.03%,0%,0%,48.48%,48.48%,0%,gfast.com,2.9K
47.32%,Retail,"71,110",Casa Pick,"12,685","794,852",32.87%,67.13%,,3.92,00:02:35,0%,2.99%,12.79%,21.51%,62.70%,0%,casapick.com,23.1K
53.76%,Retail,"187,482",Alestebrand,"38,684","2,127,290",,,,1.99,00:01:43,8.16%,0.71%,0%,11.43%,78.99%,0.71%,alestebrand.com,8.7K
40.95%,Retail,"77,655",Valkimya,"9,888","634,049",98.26%,1.74%,,4.75,00:04:49,1.36%,0%,33.80%,12.75%,12.19%,39.90%,valkymia.com,28.5K
48.08%,Retail,"174,432",Cristobal Online,"34,542","1,970,312",,,,2.45,00:02:42,28.55%,4.38%,24.08%,4.38%,38.61%,0%,cristobal.com.ar,8.6K
26.48%,Turismo,"2,355",Colonia Express,"3,328","210,841",94.2%,5.8%,4317 4100,5.21,00:04:44,24.06%,0.76%,12.84%,9.70%,50.66%,1.98%,coloniaexpress.com,113.3K
38.96%,Retail,"27,376",Pintureras Rex,"3,695","272,304",92.33%,7.67%,,6.31,00:05:37,5.89%,0.82%,1.34%,11.58%,79.94%,0.45%,pintureriasrex.com,74.9K
48.28%,Marketing Online,"12,395",Clickbunker,"150,505","4,107,578",,,,2.04,00:00:39,25.58%,0%,0%,0%,74.42%,0%,clickbunker.com,3.0K
0%,,,Haya Paz,,,,,02281-15- 551798,0.00,00:00:00,0%,0%,0%,0%,0%,0%,tienda.hayapaz.com.ar,0
73.87%,,"208,209",Brandlive,"103,476","4,379,819",,,+54 (11) 5280.8400,1.44,00:00:50,2.76%,0%,4.37%,34.30%,58.58%,0%,brandlivecommerce.com,3.4K
33.99%,,"439,054",Tap,"66,422","2,697,286",,,,3.41,00:01:21,5.23%,0%,3.93%,67.15%,23.69%,0%,tap-commerce.com,5.0K
41.19%,Turismo,"2,321",Viajobien,"3,024","208,220",92.87%,7.13%,,3.90,00:02:51,0%,0.38%,18.31%,5.75%,55.90%,19.66%,viajobien.com,301.3K
61.39%,Logstica,"1,068",Envos OCA,"2,254","175,049",90.43%,9.57%,0800-999-7700,2.28,00:01:46,10.94%,0.02%,2.77%,3.25%,83.01%,0%,enviosoca.com,217.8K
53.74%,,,Universal Assistance,,,,,4323-7800,2.26,00:02:51,0%,0%,0%,0%,0%,0%,universal-assistance.com,20.1K
45.62%,Retail,,Polocel,"19,038","1,144,137",,,,4.62,00:02:12,31.71%,0%,0%,4.25%,64.04%,0%,polo-cel.com.ar,14.0K
,Pagos,,Veraz S.A,,,,,,,,,,,,,,ttps:,
36.10%,Imprenta,"5,206",Daemo Insumos,"111,420","5,050,921",,,+54 11 4382-3081,1.99,00:01:25,6.20%,0%,0%,0%,93.80%,0%,daemoinsumos.com,2.5K
62.35%,,"271,915",Mis tiles,"58,303","3,193,686",,,,3.30,00:01:55,19.59%,0%,0%,13.04%,67.37%,0%,misutiles.com,4.2K
71.05%,Servicios y Consultora IT,"540,759",Facturante,"56,825","3,230,469",,,(011) 5199-2087,1.48,00:01:27,50.00%,7.32%,0%,7.32%,35.37%,0%,facturante.com.ar,5.4K
60.39%,,"186,416",Librera Hammurabi,"604,410","21,962,748",,,(54-11) 4382-3586,1.00,00:00:00,0%,0%,0%,0%,0%,100.00%,hammurabi.com.ar,354
,Consultoria,,Consulta Group,,,,,,,,,,,,,,consultagroup.com,
27.75%,Retail,270,Dafiti,160,"16,503",51.27%,48.73%,,9.12,00:06:29,12.11%,5.21%,16.59%,13.60%,32.95%,19.55%,dafiti.com.ar,1.7M
56.73%,,"45,303",Compunera,"7,891","516,406",32.41%,67.59%,,2.42,00:02:39,6.18%,0%,23.12%,29.29%,38.50%,2.90%,compunera.com.ar,52.1K
33.59%,Retail,148,Fravega,136,"14,261",59.96%,40.04%,,3.83,00:03:28,19.48%,4.45%,5.41%,11.45%,48.93%,10.28%,fravega.com,3.0M
0%,Retail,,Lazaro,,,,,,0.00,00:00:00,0%,0%,0%,0%,0%,0%,lazaroeshop.com.ar,0
31.68%,Retail,"5,837",Yagmour,"5,712","393,923",100%,0%,,6.57,00:04:34,22.52%,0%,13.58%,9.60%,45.36%,8.94%,yagmour.com.ar,45.1K
28.37%,Retail,"45,357",Juanita Jo,"7,912","516,988",66.23%,33.77%,,8.42,00:04:08,10.66%,2.39%,7.18%,7.83%,62.32%,9.61%,juanitajo.com,28.8K
63.08%,,,Fork,,,,,,1.41,00:01:46,0%,0%,0%,0%,0%,0%,fork.com.ar,639
1.71%,Imprenta,"1,010,142",Graficus,"106,313","5,593,739",,,0351-4667416,3.70,00:01:36,0%,0%,0%,0%,95.45%,4.55%,graficus.com.ar,1.5K
45.48%,,588,Winery,"11,451","671,337",100%,0%,,3.25,00:02:56,12.75%,0%,0.52%,6.31%,80.42%,0%,winery.com.ar,32.4K
54.63%,Retail,"288,865",Monumental Hogar,"31,850","1,884,784",,,,2.28,00:03:22,43.57%,1.82%,0%,10.89%,32.83%,10.89%,monumentalhogar.com,10.5K
65.98%,Retail,"105,061",Red Sport,"82,959","4,438,353",,,,1.43,00:01:09,10.12%,0%,0%,0%,89.88%,0%,red-sport.com.ar,3.4K
26.18%,Retail,"79,465",Toys Depot,"141,787","6,832,859",,,,2.25,00:00:39,0%,0%,0%,32.15%,67.85%,0%,toysdepot.com.ar,1.3K
0%,,,Simonetta MKT,,,,,,0.00,00:00:00,0%,0%,0%,0%,0%,0%,simonettamkt.com.ar,0
35.69%,Retail,"64,677",Soy Cuervo,"11,543","723,917",66.13%,33.87%,,7.18,00:03:56,3.87%,12.21%,21.44%,21.72%,19.66%,21.10%,soycuervo.com,19.2K
62.90%,Plataformas,"188,484",Elacepymes,"71,875","1,319,150",,,,1.67,00:01:04,17.37%,0%,1.33%,4.13%,77.17%,0%,enlacepymes.com,20.8K
0%,,"3,981,552",Sayen Iluminacin,"549,296","20,718,228",,,011 3968 8480,2.00,00:03:24,100.00%,0%,0%,0%,0%,0%,sayen.com.ar,169
55.00%,,,Simbel,"146,941","7,342,429",,,,1.58,00:00:11,66.67%,0%,0%,4.76%,28.57%,0%,simbel.com.ar,1.7K
19.59%,Retail,"3,477",GMP Equipamientos,"88,898","4,161,600",,,,4.43,00:03:03,0%,0%,0%,0%,96.95%,3.05%,gabrielmarti.com,2.3K
29.79%,,"94,144",Koxis,"17,058","1,046,808",,,4613 0119,3.95,00:02:45,19.14%,0%,6.76%,0%,62.47%,11.63%,koxis.com,15.9K
38.31%,Servicios Grficos,"6,427",RotulArte,"49,580","2,599,839",,,(011) 4552-1185,2.47,00:03:06,0%,0%,0%,10.41%,89.59%,0%,rotularte.com.ar,5.8K
32.00%,Retail,"36,019",Tienda Velez,"57,890","3,211,703",,,,4.58,00:02:42,20.30%,0%,0%,55.05%,15.95%,8.70%,tiendavelez.com.ar,3.5K
