category,company,phone,url
Retail,AlaMaula,,https://www.alamaula.com
,Alma Comunicacin Creativa,,http://www.miramistrabajos.com/
Emprendedores,Canal Ingles,,http://www.canalingles.net/
Retail,Casa del Audio,,http://www.casadelaudio.com
Retail,Cencosud,,http://www.cencosud.com.ar/
Retail,Chakana Wines,,http://chakanawines.com.ar/
Retail,Chicha y Limonada,,www.chichaylimonada.com
Hardware & software,ITEC Tecnologas,,http://www.tiendaitec.com
Retail,Likeeds,,http://www.likeeds.com/
Retail,Lombardi,,http://www.lombardi.com.ar/
,Must Mobile,,http://www.mustmobile.com/
Retail,Santagal,,http://santagal.com.ar/
Retail,Viamo,,http://www.viamo.com
,123 Seguro,0800-3456-123,https://www.123seguro.com/
Retail,47 Street,,http://www.47street.com.ar/
Retail,A4Sport,03854252260,http://www.a4sport.com/
Retail,AB Distribuidora,,http://WWW.ABDISTRIBUIDORA.COM.AR
,Abagas,,http://abagas.com.ar/
Consultoria,Abella Consultores,01115 6679 0260,http://www.abellaconsultores.com.ar/
Retail,Abideco,,http://www.abideco.com.ar/
Retail,Abrafer,,http://www.abrafersrl.com.ar/
Pagos,Accertify,,http://www.accertify.com/
Turismo,ADD Travel Group,,http://www.addtravelgroup.com/
Retail,Adidas,,http://www.adidas.com.ar
Retail,Adriana Constantini,,http://www.adrianacostantini.com.ar
,Adventures Point,0810 888 8489,http://www.adventuresshop.com.ar/
Servicios,ADWILL,,www.fanplayr.com
Turismo,Aero,,http://www.aero.tur.ar/session/new
,Aerolneas Argentinas,0810-222-86527,http://www.aerolineas.com.ar/es-ar
,Afluenta,5219 6655,https://www.afluenta.com/
Medios de comunicacin,Agea S.A,,http://www.autos.clarin.com/
,Agencia Brandi,,http://agenciabrandi.com/
,Agroads,,http://www.agroads.com.ar/
Retail,Agrofy,,https://www.agrofy.com.ar/
,Agrupate,,https://www.agrupate.com/
Retail,Airborn,,http://www.airborn.com.ar
,Al Costo Calzados,15-54659748,http://www.alcostocalzado.com/
Retail,Al Pblico,,http://www.alpublico.com.ar/
,Alekart,,http://www.alekart.com.ar
Retail,Alestebrand,,www.alestebrand.com
,Allytech,,http://www.allytech.com/
Turismo,Almundo.com,,http://almundo.com.ar/
Retail,Alpine Skate,,http://www.alpineskate.com/
,Alquilando.com,0800-220-2040,https://alquilando.com/
,Andesmar Cargas,0810-122 4300,http://andesmarcargas.com/
,Andrea Bo,(011) 4787 5048,http://andreabo.com.ar/
Retail,Ansila,,http://www.ansila.com.ar/ansila/
,Ansilta,0 800 222 2185,http://www.ansilta.com/
Retail,Anunziatta,,http://www.anunziatta.com/landing.php/
Retail,Apuracompra.com,,http://www.apuracompra.com/
Retail,Aral Sports,,http://www.aralsports.com.ar/
Entretenimientos,Arcano,,http://www.arcanoonline.com
,ArgenBTC,+54-9341-5443082,https://www.argenbtc.com/
,Argentina Color,011-4523-7333,http://www.argentinacolor.com/
Retail,ArgSale,,http://www.argsale.com/
Marketing Online,Aristei & Asoc.,,http://www.aristei.com.ar
,ArmandoMicasa,,https://www.armandomicasa.com.ar/
Retail,Armatucuadro,,https://www.armatucuadro.com/
Retail,Arredo,,http://www.arredo.com.ar
Turismo,Asegura tu viaje,5239.5000,http://www.aseguratuviaje.com/
Turismo,Aspen Hoteles,,http://www.aspenhotels.com.ar/
,Assist Med,,http://www.assist-med.net/
Turismo,Assist- Card,(011) 55552000,http://www.assist-card.com/
,Atentus,,http://www.atentus.com/
Turismo,Ati Viajes,,https://www.ativiajes.com/
Turismo,Atrpalo,,http://www.atrapalo.com.ar/
Turismo,Austral Assistance,,http://www.australassistance.com
,Austral Commerce,,http://www.australcommerce.com.ar
,Authogar,0810-999-9900,https://www.authogar.com/
,Auto Nutica Sur,,http://www.autonauticasur.com.ar/
,Auto Special SA,(011) 5670-4700,http://www.autospecial.com.ar/
Servicios,AUTOS EN CUOTAS.COM,0810.345.0042,http://www.autosencuotas.com/
Automotriz,Autotag,01146109600,http://www.autotag.com.ar/
Retail,Avalancha,,http://www.avalancha.com
Turismo,Avan Trip,,http://www.avantrip.com/
Capacitacin,Avanzando Derecho,,http://www.avanzandoderecho.com.ar/
Retail,Avellaneda Por Mayor,,http://avellanedapormayor.com/
Retail,Avellaneda Ropa,,http://www.avellanedaropa.com/
Retail,Avenida,,http://www.avenida.com
Entretenimientos,Axeso 5,,http://www.axeso5.com/
,Balcony Software,54 9 11-30465061,http://ebalcony.com.ar/
,Banco Credicoop,51660045,www.bancocredicoop.coop
Bancos,BANCO GALICIA,,www.bancogalicia.com
Bancos,Banco Hipotecario,,http://www.hipotecario.com.ar/
,Barkay,48072094,http://bar-kay.com/
,Basilotta,48321859,http://www.basilotta.com/
Retail,Batistella,,http://www.calzadosbatistella.com.ar
,Bazar Profesional,(011) 6009-1589,http://www.bazarprofesional.com.ar/
Retail,Bed Time,,http://www.bedtime.com.ar
,Bellavita Cultivos,(+54 11) 4635-7627,http://bellavitacultivos.com.ar/index.php
Retail,Benito Fernandez,,http://www.benitofernandez.com.ar
,Bensimon,11 47 17 4144,http://www.bensimon.com.ar/index2.html
Retail,Besha,,http://www.besha.com.ar/
Turismo,Best Day Travel,0810 122 4683,http://www.BestDay.com.ar
Retail,BevyBar,,https://www.bevybar.com.ar/
Juguetera,BFun,(5411) 4775-2165,http://www.bfun.com.ar/
,BGH,(54 11) 4309-2000,http://www.bgh.com.ar/
Retail,Bicampeon.com,,http://www.bicampeon.com/
,BidCom,,http://www.bidcom.com.ar/
,Big Data Machine,,http://www.bigdatamachine.net/
Retail,BigBox,,http://www.bigbox.com.ar/
Retail,Blaqu,,http:www.blaque.com.ar
Retail,BlowPack,,http://www.blowpack.com.ar/
,Blumimax,114439.7900,http://blumimax.com/
Retail,Boating,,http://www.boating.com.ar
Retail,Boca Shop,,http://www.bocashop.com.ar
,Bolivia,47731697,http://www.bolivia-divina.com/
Turismo,Bongiorno Travel,,http://www.bongiornotravel.com/
Logstica,Boxeway,,http://www.boxeway.com
Consultoria,Brainsted,,http://www.brainsted.com/
,Brandlive,+54 (11) 5280.8400,http://brandlivecommerce.com/
,Brandolutions,,http://www.brandolutions.com/
Retail,Bringeri,,http://www.bringerihogar.com.ar/
Retail,Brukman Electodomsticos,5195-7811,http://www.brukman.com
,BsAs ProAudio,11.4671.6692,http://www.bsasproaudio.com.ar/
,BsAs Sur Autos,4292-4110,http://www.bsassurautos.com.ar/
,Bumeran,,http://www.bumeran.com.ar/empresas
Turismo,Buquebus,,https://www.buquebus.com/web/argentina
Plataformas,Buscap,,http://www.buscapecompany.com/
Logstica,Buspack SA,( 011 ) 5263- 3036,http://www.buspack.com.ar/
Turismo,BusPlus,0810-333-7575,http://www.busplus.com.ar
,Cablevisin,,http://www.cablevisionfibertel.com.ar
,Camas Articuladas Flex,011-153-242-5430,http://camasarticuladas.com.ar/
,Capaccioni Deportes,(02932) 421591,http://capaccionideportes.com.ar/
Retail,Cardon,,http://www.cardon.com.ar
Retail,Carestino,,http://www.carestino.com/
Retail,Carla Danelli,,http://www.carladanelli.com.ar/
Retail,Caro Cuore,,http://www.carocuore.com.ar/
Retail,Carrefour,,http://www.carrefour.com.ar/
Retail,Casa Pick,,http://www.casapick.com
Retail,Casa Rimoldi,,http://www.casarimoldi.com.ar/
,Castillo,381 4315009,www.castilloweb.com.ar
,Catedral Alta Patagonia,+54 294 4409000,http://www.catedralaltapatagonia.com/
,Catycan,,http://WWW. CATYCAN.COM
Retail,CD Market,,http://www.cdmarket.com.ar/
Turismo,Ceibo Viajes,,http://www.ceibo-viajes.com/
,Cento,03564-435444,http://www.cento.com.ar/
Turismo,Central de Pasajes,4343-4003,http://www.centraldepasajes.com.ar/
,Centralbuzios.com,0810-222-1211,https://www.centralbuzios.com/es/
Retail,Centro Comercial Pacman,02954-387200,http://www.holapacman.com.ar
Retail,Cetrogar,,http://www.cetrogar.com.ar
Servicios,CFI- Consejo Federal de Inversiones,,http://cfi.org.ar/
Turismo,CH Travel,,http://www.cht.com.ar
Retail,Chakna,,http://www.chakna.com
Retail,Cheeky,,http://WWW.CHEEKY.COM.AR
Retail,Cheeky,,http://WWW.CHEEKY.COM.AR
,Chenque Anuncios,,http://chenqueanuncios.com/
Retail,Chino Mayorista,4951-4990,http://www.ChinoMayorista.com.ar
Retail,Chubby Gang,,http://chubbygang.com/
Abogados,Cilegal,,http://www.cilegal-ar.com/
Entretenimientos,CinemaCenter,,http://www.cinemacenter.com.ar
,Citadium Store,4-765-3635,http://www.citadium.com.ar/
Medios de comunicacin,Clarn Global,,http://www.grupoclarin.com
Telefona,Claro,,http://www.claro.com.ar/tienda
,Class Life,(+54 11) 2075 5004,http://www.class-life.com/
Retail,Clefer.W.Ferrari,,http://www.cleferwferrari.com/
Seguros,Click Seguros,,http://www.clickseguros.com.ar/
Marketing Online,Clickbunker,,http://www.clickbunker.com/
Marketing Online,ClickExperts,,www.ClickExperts.com
,ClickOn,,http://www.clickon.com.ar
Pagos,ClicPago,011 47750097,http://www.clicpago.com/
,Clienting/Live,,http://www.clienting.com.ar
Marketing Mvil,Clinc,,"http://www.clinc.com.ar,www.clincshop.com.ar"
,Clona,4858-1338,http://www.clonashoes.com/
Turismo,Club Med Argentina,+54(11) 4313-2006,http://www.clubmed.com.ar/cm/home.do?PAYS=12&LANG;=ES
Retail,ClubPoint,,http://WWW.CLUBPOINT.COM
Pagos,Cobro Digital,,https://www.cobrodigital.com/
,Coiro,(+54 11) 4292-6686,http://www.tienda.bulonescoiro.com/
Retail,ColchonCity,,http://www.colchoncity.com.ar/
,Colecciones La Nacin,,http://colecciones.lanacion.com.ar/
Turismo,Colonia Express,4317 4100,https://coloniaexpress.com/ar
Pagos,Colppy,,http.//www.Colppy.com
,Combinatoria SRL,5263-2520,http://www.combinatoria.com.ar/
,COMDI,,http://www.comdi.com.ar/
Retail,Como quieres que te quiera,,http://WWW.COMOQUIERES.COM.AR
,Compaa del Sol,011 4790-8119,https://www.companiadelsol.com/
Retail,Complot,,http://www.complot.com.ar
,Compra-Express.com,0353 4532733,http://www.compra-express.com/
Seguros,CompreSeguros.com,,http://www.compreseguros.com/
,Compunera,,http://compunera.com.ar/todo-el-pais/
,Confecat,4240-4350,http://www.confecat.com.ar/
,CONNAXIS Argentina,,http://argentina.connaxis.com/
,Consult-Ar,,http://www.consult-ar.info/
Consultoria,Consulta Group,,http://www.consultagroup.com/
,Contimedios,236 4433783 - 4446308,https://www.contimedios.com.ar/
Retail,Cook,,http://www.johnlcook.com.ar
,Coovaeco Turismo,+54 (341) 421-6524,http://www.coovaeco.com/
Servicios Financieros,Cordial,,http://www.cordialservicios.com/
Retail,Crdoba e-shop,Tel: (0351) 426 5978,http://www.cordobaeshop.com.ar
,Corfam,(011) 45820777,http://www.corfam.com/
Retail,Corre Lola,,http://www.shop.correlola.com.ar
Logstica,Correo Argentino,,http://www.correoargentino.com.ar/
Retail,Cortinera Confort,,http://www.cortineriaconfort.com/
Retail,Covedisa,,http://www.covedisa.com.ar/
,Crea Interactivo,,http://www.creainteractivo.com/
Retail,Creciendo Mega Baby Store,,http://WWW.CRECIENDO.COM
Servicios Financieros,Crediclick,41195800,http://www.CREDICLICK.COM
Pagos,Credimas,,http://www.credimas.com.ar/?reloaded=true
Retail,Cristobal Online,,http://www.cristobal.com.ar
Logstica,Cruz del Sur,,http://www.cruzdelsur.com.ar/
Pagos,Cuenta Digital,,www.cuentadigital.com
Compras colectivas,Cupnica,,http://www.cuponica.com
Imprenta,Daemo Insumos,+54 11 4382-3081,http://www.daemoinsumos.com/
Retail,Dafiti,,www.dafiti.com.ar
Retail,Dale Click,,http://www.daleclick.com
,Dame2,,http://www.dame2.com.ar
,Datasoft,(5411) 4393-3100,http://datasoft.com.ar/
,Daytona,,http://daytona.com.ar/
Pagos,DEBITA,,http://www.debita.com
Pagos,Decidir,,http://www.decidir.com.ar/
Retail,Deco Gallery,,http://www.decogallery.com.ar
Retail,DeFuegos,,http://www.defuegos.com/
Retail,Delivery Cartuchos,,http://www.deliverycartuchos.com.ar/
Retail,Dell,,http://www1.la.dell.com/ar
,Delsey Pars,49629967,http://www.delsey.com.ar/
Retail,Delta Fresh,,http://deltafresh.com.ar/
Retail,Deluxebuys.com,,http://www.deluxebuys.com/
,Depot,,http://www.depot.com.ar/
Compras colectivas,Descontate,,http://www.descontate.com
Compras colectivas,Descuentocity,,http://www.descuentocity.com/
Retail,DeSillas.com,,http://www.desillas.com/
Retail,Desli,,http://www.desli.com
Turismo,Despegar,,http://www.despegar.com.ar/
,Develar Group,,http://www.develargroup.com.ar/
,Devr,(11) 4556-4200,http://devre.la/
Retail,Dexter,,http://www.dextershops.com/
Retail,Diablo Soy,,http://www.diablosoy.com
Medios de comunicacin,Diario Crnica,,http://www.cronica.com.ar
Retail,Dietrich,,www.onlinedietrich.com
,Digital Domino,(11)51450546,http://www.digitaldomino.net/
Retail,Digital Products,,http://www.digitalproducts.com.ar/
Retail,Digital Sport,0341-4267826,http://www.digital-sport.com.ar
,Digodat,11 5239 1368,http://digodat.com/es/
Pagos,Dineromail,,https://ar.dineromail.com/soluciones-vendedores?gclid=CKiTy5eKjKsCFQK87Qod2Diau
Entretenimientos,Directv,,http://www.directv.com.ar/
Tecnologa,Distecna,5166-3400,http://www.distecna.com/
Retail,Distri Electro,,http://www.distrielectro.com.ar
,Distrillantas,011-46431430,http://www.distrillantas.com.ar/
Marketing Online,Doppler,,http://www.fromdoppler.com
,Doppler,,http://www.fromdoppler.com/en/index.html
Retail,DormiBene,,http://www.dormibene.com.ar/
Marketing Online,Dos monos S.A,,http://www.dosmonos.com/
,Dr. Martens,4805-1762,http://www.ukboots.com.ar/
Plataformas,Dridco,,http://www.dridco.com/
Retail,DROPWEB,114772-0882,http://www.dropweb.com.ar
Retail,DRicco,,http://www.dricco.com.ar/
,E Revolution Commerce,(+54 9 11) 3280 4943,http://erevolutioncommerce.com.ar/index.php?
Consultoria,E-bit,,http://www.ebit.com.ar/
,E-dutraining SH,,http://www.e-dutraining.com/
,E3 ecommerce,,http://e3ecommerce.com.ar/
Retail,eCare Shop,,http://tienda.ecareshop.com.ar/
,eCloud Solutions,,http://www.ecloudsolutions.com/
eCommerce & Social media,Ecom Expert,,http://www.ecomexperts.com/
Retail,Edificor,,http://www.edificorsrl.com.ar/
,Editorial Errepar,,http://www.errepar.com/tienda
,Edrans,,http://www.edrans.com
Emprendedores,Educabilia,46007910,http://www.educabilia.com/
Retail,Eglam,,http://www.eglamlatam.com
Turismo,Egresados.com,,http://egresados.com/auth/usuarios/sign_in?app=red_social&back;_path=/
,EGS,,https://www.egsolus.com.ar
Retail,El Balcn,,http://www.elbalcon.com/
Retail,El Burgus,,http://www.elburgues.com/
Retail,El Dormiln,,http://www.eldormilon.com.ar
Retail,El Mundo del Juguete,,http://www.elmundodeljuguete.com.ar/
Plataformas,Elacepymes,,http://www.enlacepymes.com
,Electra Store,+54 11 4129-4600,https://www.electrastore.com.ar/
Retail,Electro Frig,,http://www.electrofrig.com.ar
Retail,Electro Puntonet SA,,http://www.electropuntonet.com.ar
Tecnologa,Electro San Miguel,,www.electrosanmiguel.com.ar
,Elepants,(+54) 011 - 4833 - 5749,http://www.elepants.com.ar/
Logstica,Elogstica,,www.elogistica.com
,Elyptics,+54 (11) 2003-5936,http://www.elyptics.com/
,emBlue,,http://www.embluemail.com/
Servicio Full eCommerce,Emporio Commerce,5263-2783,www.emporiocommerce.com.ar
,Engee,,http://www.engee.com.ar/
Capacitacin,English Medianet,,http://www.englishmedianet.com/
Plataformas,Entrena Ya,4862-8221,http://www.entrenaya.com.ar/
Logstica,Enviado.com,,http://www.enviado.com/
Logstica,Envos OCA,0800-999-7700,http://www.enviosoca.com/
Hardware & software,Eset,,http://www.eset-la.com
Retail,Espacio Exclusivo,,http://www.espacioexclusivo.com
Retail,Espacio Exclusivo,,http://www.espacioexclusivo.com
Retail,Espacio G,,https://www.espaciogvinos.com.ar/
,Espasa,4524-9399,http://www.espasa.com.ar/
Alimentacin,Estancia San Francisco,4697-2851/6611/4016,http://www.esanfrancisco.com.ar/
,Estancias Chiripa,+5411 4666-4092,https://www.estanciaschiripa.com.ar/article/details/home/3437/
Desarrolladores web,Estilo-Web.Net,5411 4431 0964,http://www.estilo-web.net/
,Estudio12,011-5269- 2590,http://www.estudio12.com.ar/
,Etail,,http://www.etailargentina.com/
Logstica,eTrans,,http://www.etrans.com.ar
Entretenimientos,Eventdoo,,http://www.eventdoo.com/
,Exceda,+54 11 5277.3923,http://www.exceda.com/es
,Execuzone,,http://www.execuzone.com/
Turismo,Exodo Travel,,http://www.exodotravel.com/index.php
,Fabr Sommiers,(5411) 4951-7735,http://www.fabresommiers.com.ar/
Servicios y Consultora IT,Facturante,(011) 5199-2087,https://www.facturante.com.ar/
Retail,Falabella SA,0810 555 6684,http://www.falabella.com.ar
Retail,Farmacity,,http://www.e-farmacity.com/
,Fashionline,,https://fashionline.com.ar/
Logstica,Fast Track,0810-888-3278,http://www.fasttrack.com.ar
,Fazio,4779-9030,http://www.grupofazio.com
Retail,Feeme Bike Shop,,http://www.feemebikeshop.com/
Retail,Felx,,http://www.felixba.com.ar/
,Fernanda Bevilacqua,011-48030896,http://www.fernandabevilacqua.com.ar/
Retail,Fiorani,,http://www.fiorani.com.ar/
,Fiplasto,5171-3000,http://www.muebles.fiplasto.com.ar/
Retail,Fitzrovia,,http://www.fitzrovia.com.ar
,Fizzmod,+54 11 4833 4434,http://www.fizzmod.com
,Flimper,,http://www.flimper.com
,Flower Store,15-6023- 0368,http://www.flowerstore.com.ar/
Automotriz,Forest Car,01145888000,http://www.forestcar.com.ar/
,Fork,,http://www.fork.com.ar/
eCommerce & Social media,Formato Diseo,,http://www.formatodiseno.com.ar/
,Fotos Nino,0810 -999-6952,http://www.fotosnino.com/
Retail,Fotter,0810-345-FOTTER,http://www.fotter.com.ar/
Retail,Fravega,,http://www.fravega.com/
Retail,G Fast,,http://www.gfast.com/
,Gaelle,4208-9781,http://gaelle.com.ar/
Retail,Garbarino SA,,http://www.garbarino.com
,Garden Life,02320553000,http://www.gardenlife.me/
Servicios,Gas Natural  Fenosa,,http://www.gasnaturalfenosa.com.ar/ar/1285084496929/inicio.html
Retail,Gastronoma Bashir,,http://www.gastronomiabashir.com.ar
Retail,Gatorade,,http://www.gatorade-store.com.ar/
Desarrolladores web,Generatica,Tel: +54 (11) 4811-7205,http://www.generatica.com
Servicio Full eCommerce,GENWORDS,,http://www.genwords.com/
,Gepetto,48246405,http://www.gepetto.com.ar/
Seguros,Gestin y Servicios,,http://www.gyssrl.com
Retail,Geveco,,http://dunlopneumaticos.com/
Pagos,Gire,,http://www.gire.com/
,Globant,,http://www.globant.com/
Retail,GMP Equipamientos,,http://www.gabrielmarti.com/
Retail,Gola,,http://www.golasouth.com/homegola/
Retail,Gomera Altamirano,,http://www.gomeriasaltamirano.com.ar/
Abogados,Gonzlez Frea_ Naudin Abogados,,http://www.gonzalezfrea.com.ar/
Plataformas,Google,,http://www.google.com
,Gora Gora,(011) 4863-7861,http://goragora.com.ar/
Retail,Gorsh,,http://WWW.GORSH.COM
,GPS Farma,11-4928-3622,http://www.gpsfarma.com/
,Gpsmundo.com,0810-345-4477,http://www.gpsmundo.com/
Imprenta,Graficus,0351-4667416,www.graficus.com.ar
Retail,Grisino,,http://WWW.GRISINO.COM
Compras colectivas,Groupon,,http://www.groupon.com.ar
,Grupo Andreani,,http://www.andreani.com.ar/
Medios de comunicacin,Grupo Crnica,,http://www.cronica.com.ar
Retail,Grupo Ikono,0115218-4560,http://www.grupoikono.com
Retail,Grupo Marquez,,http://www.grupomarquez.com.ar/
,Grupo Netcom,,http://www.grupo-netcom.com
,Gruppo Serenellini,,http://www.grupposerenellini.com/
Retail,Guadalupe Cid,,https://www.guadalupecid.com/
Turismo,Guajira Viajes,,http://www.guajira.com.ar/
,Gua Prpura,,http://www.guiapurpura.com.ar
Compras colectivas,Gur de Ofertas,,http://www.gurudeofertas.com/
,Harvey comunicacin,,http://www.harveycomunicacion.com/
,Haya Paz,02281-15- 551798,http://tienda.hayapaz.com.ar/
Retail,Heben Store,,http://www.hebenstore.com/
,Hendel,0810-333-9435,https://www.hendel.com/
Retail,Heyas,,http://www.heyas.com.ar
,Home Collection,0810 345 1222,http://www.homecollection.com.ar/
Turismo,Hoteles.com,,http://www.hoteles.com/
Entretenimientos,Hoyts,,http://www.hoyts.com.ar
,HP Online,0800-555-5000,http://www8.hp.com/ar/es/home.html
Bancos,HSBC,,http://www.hsbc.com.ar
,Hub Travel,(54 11) 5219-1414,http://www.hubtravel.com.ar/
,IBM,,www.ibm.com.ar
,ICOMMKT,+5411 5238 2000,http://icommkt.com/
,Ideasenfoto,,http://www.ideasenfoto.com/
,IDS Soluciones Ecommerce,54 (11) 4961.9249,http://www.ids.net.ar/
Turismo,Iguaz Argentina,,http://www.iguazuargentina.com
,Ilunor,47162036,http://www.ilunor.com.ar/
,inCommerce,,http://www.icmlatam.com/
,Increase,,http://www.increasecard.com
Retail,Inkpronta,,http://www.inkpronta.com/
Logstica,Integral Pack Express  S.A,,http://www.integralexpress.com/
Marketing Online,Intellignos  SA,,http://www.intellignos.com/
,IntermediaSP,54 11 50329999,http://intermediasp.com/
Turismo,Interturis,,WWW.INTERTURIS.COM.AR
Servicios Financieros,Invertir Online,,http://www.invertironline.com/
,IP 360 Agency,,http://www.ip360.agency/
Retail,IP Tickets,,https://www.ipticket.net/
,Isadora,,http://ar.isadoraonline.com/
,Italia Hogar,0810 -2208090,http://italiahogar.com/
,ITBN,54-11-4776-6086,http://www.itbnsa.com/
,ITD,,www.itdargentina.com
Consultoria,Itelintec,,http://www.intelintec.com/
,Iurco,(+5411) 5263-2011,http://iurco.com/
Retail,Jacky Idoo,,http://jackyiddo.com/
Marketing Online,Jamaica Inc,,http://www.jamaicainc.com.ar/
Retail,Jeffrey Campbell,,http://www.jcampbell.com.ar/
Retail,Jetzi,,http://www.jetzi.com/#welcome
,Jooks,1537724318,http://www.jooks.com.ar/password/
Emprendedores,Jose Abella,,http://www.joseabella.es/
Retail,JoyasdePlatayOro.com,3221-5424,http://www.JOYASDEPLATAYORO.COM
Salud,Juan Novacek S.A,(5411) 4821-9380,http://www.novacekdental.com.ar/
Retail,Juanita Jo,,http://www.juanitajo.com
Retail,Juarez Confort,,http://www.juarezconfort.com.ar/JuarezWeb/web/Home
,Juguetera Carrousel,(011) 4782-3221,http://www.shop.jugueteriascarrousel.com/
,Juguetes Universales,,http://www.juguetesuniversales.com/
Retail,Juleriaque,,http://www.juleriaque.com.ar
,Kactus inbound & Content Marketing,,http://www.kactus.com.ar
Retail,Kansai,,http://www.kansai.com.ar/
Retail,Karcher,,https://www.karcher.com/ar/
Retail,Kevingston,,http://www.kevingston.com
Retail,Kimeika,,http://www.kimeika.com.ar/
,Kinderland,(+54 11) 3967-4411,https://www.kinderland.com.ar/
,Klyver & Asociados,,http://www.klyveryasociados.com.ar
,Kosiuko,011 4717-4091,http://www.kosiuko.com/
Retail,Kostume,,http://eshop.kostumeweb.net/
,Koxis,4613 0119,http://www.koxis.com/
,Kudos Estudio,(0351) 571-6714 / (011) 535-32010,http://www.kudosestudio.com/
Retail,La Annima,,http://www.laanonima.com.ar/
Retail,La Cardeuse,,http://www.lacardeuse.com.ar/
Retail,La Dolfina,,http://www.ladolfina.com/
,La Esquina del Futn,,http://www.laesquinadelfuton.com.ar/
,La Leopolda,+54 11 4833-5973,http://www.laleopolda.com/
,La Martina,,http://www.shop.lamartina.com.ar/
Retail,La Parfumerie,,http://laparfumerie.com.ar/
Turismo,Lan,,http://www.lan.com/sitio_personas/country_selector.html
,Landmark,4813-6144,https://landmark.com.ar/store/
Retail,Las Margaritas,,http://www.lasmargaritas.com.ar/
Retail,Las Oreiro,,http://www.lasoreiro.com
,Las Pepas,1535870200,http://laspepas.com.ar/
,Latin Web Group,,http://www.latinwebgroup.com/
Retail,Lazaro,,http://www.lazaroeshop.com.ar
Retail,Le Loup,,http://www.shop.leloup.com.ar
,Leale Radiadores & Repuestos,2616140057,http://www.lealerepuestos.net/
Retail,Legion Extranjera,,http://www.legionextranjera.com.ar/
Hardware & software,Lemon Data,,http://www.lemondata.com.ar/
,LeTomoSuPedido,,http://www.letomosupedido.com/Account/Login?ReturnUrl=%2f
Compras colectivas,Letsbonus,,http://ar.letsbonus.com
,Librera Hammurabi,(54-11) 4382-3586,http://www.hammurabi.com.ar/
Plataformas,Lnea de Compras,,http://www.lineadecompras.com/
Retail,Linio.com,,http://www.linio.com.ar
Retail,Lintime,,http://www.lintime.com.ar/
Logstica,LionXpress,,http://www.lionxpress.com.ar/
Turismo,Lip Travel,,http://www.liptravel.com/
Retail,Locademia,,http://locademia.racingclub.com.ar/
Retail,LOF,,http://www.lof.com.ar
Logstica,LOGIRPLA,,www.logirpla.com.ar
,Lolitos,011 15 3283 8055,http://www.lolitos.com.ar/
Retail,Loral,,http://www.maybellineargentina.com.ar/
Retail,Loria Skate & Shop,,http://www.loria.com.ar
Retail,LOYALTY STORE,,http://www.loyaltystore.com.ar
,LS2,+54 11 5368-2357,http://www.ls2.com.ar/
Retail,Lucaioli,,http://www.lucaioli.com.ar/store/
Consultoria,Lmino Consultores de Negocios,,http://www.luminoconsultores.com/
,Lyracons,,http://www.lyracons.com
Retail,M & A Industrial / Comercial,,http://www.myacomercial.com.ar/
,Mabe Argentina,44898900,http://www.mabe.com.ar/Default.aspx
Retail,MacTools,,http://www.mac-tools.com.ar/
,Magnaverum,,http://www.magnaverum.com
Retail,Magneto,,http://www.magnetoregalos.com/
,Malibu Outfitters,,http://www.malibuoutfitters.com.ar/
,Malvinas Electroboutique,0810.888.8989,http://www.malvinaselectro.com/
Pagos,Mango,,https://getmango.com
Turismo,Manhattan,,http://www.manhattan.com.ar
Turismo,Manos Libres Turismo,,http://www.manoslibresturismo.com.ar
Retail,Marathon Deportes,,http://www.marathondeportes.com.ar/
Emprendedores,Mariano Goren,[+5411] 53-53-98-96,http://negociosdigitales.cc/
Retail,Markova,,http://www.markova.com/article/details/home/3437/
Retail,MARTINA DITRENTO,,WWW.MARTINADITRENTO.COM
Servicios Financieros,Martinez Cataldi y Asoc.,,http://mcmc.com.ar/
Retail,Mary & Joe,,http://www.fotter.com.ar/
Retail,Mary & Joe,,http://www.maryjoe.com.ar
Retail,Materia,,http://www.materia.com.ar/
Retail,MeCanse,,http://www.mecanse.com.ar/
,Mega Sports,11 3663-8390,http://www.megasports.com.ar/
Retail,Megatone,,http://www.megatone.net
,Meln Comunicaciones,,http://www.meloncomunicaciones.com.ar
Retail,Mercado Trajano,,http://mercadotrajano.com
Plataformas,MercadoLibre,,http://www.mercadolibre.com
,Merln Data Quality,,http://www.merlindataquality.com/
Retail,Meroarte,,http://www.meroarte.com
Retail,Meroli Hogar,,http://www.meroli.com
,MiAdelanto,5032-2311,www.miadelanto.com.ar
Retail,Mihran,,http://www.mihran-alfombras.com
Retail,Mimo & Co,,http://www.mimo.com.ar/
,Mis tiles,,http://www.misutiles.com/index.php
,Miux,48157294,http://www.miux.com.ar/
Retail,Moblar,,http://www.moblar.com.ar/
Retail,Moda Pura,,http://modapura.com/
Servicios Financieros,MONI PRSTAMOS ONLINE,,www.moni.com.ar
Retail,Monumental Hogar,,http://www.monumentalhogar.com/
Servicios Financieros,Moon Money Online,(011) 5217-3142,http://www.moonmoneyonline.com/
Retail,Morph,,http://www.morph.com.ar/
,Motologik,011-4964-5067,http://www.motologik.com/
Retail,Motormax,,http://motormax.la/
Telefona,Motorolla,,http://www.motorola.com.ar/
,Movr,+5491144074853,http://www.movrbox.com/
,Moyobi,+54 11 4822 7139,http://moyobi.com/es/
Retail,Muaa,,http://www.muaa.com.ar
Retail,Muebles 365,,http://www.muebles365.com.ar/
,Muebles Platinum,261 4200909.,https://platinumcatamarca37.com.ar/shop2/
Servicios,Multigol,,http://www.multigol.com.ar/
Servicio Full eCommerce,Multiplace,(11) 4952-1404,http://www.multiplace.com.ar/
,Mundo Fix,,http://www.mundofix.com
,mundotekno.com,+54 9 261 4549327,http://www.mundotekno.com/#!/-venta-de-computacion/
,Murillo 666,+54261 4244701,http://www.murillo666.com.ar/
,Musicalisimo,0810 888 3456,http://www.musicalisimo.com.ar/
Retail,MyCyberCompra,,http://www.micybercompra.com.ar/
,Nama,4833-4000,http://www.naima.com.ar/
Retail,Naldo,,http://www.naldolombardi.com.ar
Retail,Nano Partes,,http://www.nanopartes.com.ar/
Retail,Natalia Antolin,,http://www.nantolin.com/
Retail,Natura,,http://www.naturacosmeticos.com.ar/
,Navent,,http://www.navent.com/es
Retail,Necxus,,http://www.necxus.com.ar/catalog/
Clasificados,Needish,,http://www.needish.com/
,NEO Enciende Tu Vida,4815-6172,https://neo.com.ar/
,Neticel,,http://www.neticel.com
,NetOne,,http://www.netone.com.ar/
Retail,NETSHOES,,www.netshoes.com.ar
,NeumticosyServicios.com,,http://www.neumaticosyservicios.com/
Retail,Newsport,,https://www.newsport.com.ar/
Telefona,Nextel,,http://tienda.nextel.com.ar
Retail,NG Distribucin,,http://www.ngdistribucion.com.ar
,Nh autopiezas,,http://www.nhautopiezas.com.ar
,Nico Calzados,0800 345 6426,http://www.nicocalzados.com/
Retail,Nike,,http://www.nike.com/ar/es_ar/?ref=https%3A%2F%2Fwww.google.com.ar%2F
Cosmtica y Belleza,Nivea,1145530040,https://www.linio.com.ar/cm/tienda-oficial-nivea
,NOAF,0341-4261552,http://noaflojes.com.ar/web/
Servicios,Nosis,,http://www.nosis.com
Logstica,Not Lazy,,http://www.notlazy.com.ar/
Retail,Novogar,,http://www.novogar.com.ar/
Pagos,NPS,,http://www.nps.com.ar/
,Nubelo,,http://www.nubelo.com
Mtricas,Nubimetrics,46007907,http://www.nubimetrics.com
Hosting,NutHost.com,0810-999-4678,https://www.nuthost.com/
Retail,Nutrasalud,,http://www.nutrasalud.com.ar
Logstica,Ocasa,,http://www.ocasa.com
Retail,Odontotienda,,http://www.odontotienda.com.ar
Compras colectivas,Ofertona,,http://www.ofertona.net/cuponesdedescuento
Retail,OfiShop,,https://www.ofishop.com/index.php
Investigacin de mercado,OH!Panel,,http://www.ohpanel.com
Retail,OLX,,http://www.olx.com.ar/?from=www
Clasificados,OLX,,http://www.olx.com
Capacitacin,OM Latam,,http://www.omlatam.com
,Ombu Shop,,http://www.ombushop.com/
Seguros,Omint Assistance,,http://www.omintassistance.com.ar
,Ona Saez,011.5245.6733,http://www.onasaez.com/
,OneLab,+5491124623682,http://www.onelab.com.ar/
Retail,Open Sports,,https://www.opensports.com.ar/
,Orsogna V,011-4307- 1472,http://www.orsognavinos.com.ar/
Retail,Oscar Barbieri,,http://www.oscarbarbieri.com
Retail,Ouletronica,,http://www.ouletronicaweb.com.ar/14a-Quienes-Somos
,Overhard Digital,(11) 4858-0985,http://www.overhard.com.ar/
Retail,Owo,,http://www.owonet.com.ar/
,Owoko,11 4572 9471,http://owoko.com.ar/
Retail,Paez,,http://www.laspaez.com.ar
Clasificados,Pginas Amarillas,5411-4348-8000,http://www.yellargentina.com.ar/
Retail,Pampero,,http://www.pamperousointensivo.com.ar
Retail,Panasonic,,http://shop.panasonic.com.ar
,Pardo,011-4017-4140,https://www.pardo.com.ar/
Comunicacin,Parla Comunicaciones,,www.parlacomunicaciones.com.ar
Turismo,Partiendo.com,,http://www.partiendo.com/
Pagos,Paymentez,,http://www.paymentez.com/
,PedidosYa,6841 9135,http://www.pedidosya.com.ar/
Retail,Perozzi e Hijo,4258-8322,http://www.perozzi.com.ar
Retail,Prsico Sanitarios,47534008 / 1552214878,http://www.persicosanitarios.com.ar/
Comunicacin,Personal,,http://www.personal.com.ar/
Retail,Philips,,http://WWW.PHILIPS.COM.AR
Abogados,Phoebus,,http://www.phoebusabogados.com.ar/
,PhoneCity Electronics,011-4779-9012 / 9016,http://www.phonecitymdq.com.ar/home.html
Entretenimientos,Photobookers,,http://photobookers.com.ar/
Retail,PieroDigital,,http://www.pierodigital.com.ar
Retail,Pintureras Rex,,http://www.pintureriasrex.com/
Retail,Pisano Pintureras,0810 666 9999,http://www.pisano.com.ar/
Marketing Online,Planes Marketing Digital,,www.planesdigital.com.ar
Turismo,PLATAFORMA 10,50322449,http://www.plataforma10.com/
Plataformas,Pol Argentina,,http://www.polargentina.com/
Retail,Polocel,,http://www.polo-cel.com.ar/
,Pony,4131-2602,http://shop.ponyarg.com/
Retail,Portofem,,http://www.portofem.com/home.php?v=1
,Posco,1563689482,http://www.posco.com.ar/
,Potiers Home,(011) 4794-3745,http://www.potiershome.com.ar/
Servicio Full eCommerce,Pow,,www.holapow.com
,Praga Home,0810-777-0377,http://www.pragahome.com.ar/
Marketing Online,Pragmativa,,http://www.pragmativa.com/
Retail,Precios Bajos,,http://www.preciosbajos.com.ar/
,Prestigio,,http://www.prestigioweb.com
Retail,Prime Club,,http://www.primeclub.com.ar/
,Producteca,+54 (11) 5368-0401,https://www.producteca.com/
,ProNetwork,,http://pronetworkmarketing.com.ar/
,Pronotebooks,,http://www.pronotebooks.com.ar
Servicios Financieros,Puente,,http://www.puentenet.com
,Punto Gamer,011 4342-2332,http://www.puntogamer.com.ar/
Marketing Online,Punto Rojo Marketing,4772-9455,http://www.Puntorojomarketing.com
Retail,Punto T,,http://www.puntote.com.ar/
,Punto Talent,,http://www.puntotalent.com/
,Pymedia,,http://www.pymedia.com.ar/
,QA Company,(+ 54) 011 4813 8848,http://www.qa.com.ar/
Hardware & software,QSC Soluciones,,http:www.qscweb.com.ar
Retail,Quiksilver,,http://www.facebook.com/quiksilverargentina
Retail,Quilmes Store,,http://www.quilmesstore.com
,Quo Marketing,,http://quomarketing.com.ar/
Consultoria,Raberil Trading,,http://www.raberiltrading.com
Retail,Rapsodia,,http://www.rapsodiastore.com.ar/
Retail,Rataparula,,http://www.rataparula.com/
,Real Trends,,http://www.real-trends.com/ar/
Retail,Red Sport,,http://www.red-sport.com.ar/
Empleos,Red Telework,,http://www.redtelework.com/
,Reebok,0800 222 1138,http://www.reebok.com.ar/
Retail,Reef,,http://WWW.REEF.COM.AR
,Regin Global,,http://www.regionglobal.com/
,Rekket Digital Hub,5199-3554,http://www.rekket.com/
Retail,Rentacar.com.ar,,http://www.rentacar.com.ar/
Retail,Repuestos Network,,http://www.ventasnetwork.com.ar/repuestos-accesorios-pautos_qO2XtOcxSM
Retail,Rever Pass,,http://www.reverpass.com/
Retail,Rie,,http://www.riearriba.com/
Pagos,Ripio,,https://www.ripio.com/
Retail,Rivera Hogar,,http://WWW.RIVERAHOGAR.COM.AR
Retail,Rivera Hogar,,http://www.riverahogar.com.ar/
,Rockabruja,0351 -152 424075,http://rockabruja.com/
Retail,Rollpix,,http://rollpix.com/
Automotriz,Romera Hnos S.A.,0810-333-1926,http://www.romerahnos.com/
Retail,Rosen,,http://www.rosen.com.ar
Retail,Rosso Cuore in Casa,,http://www.rossocuoreincasa.com.ar/
Servicios Grficos,RotulArte,(011) 4552-1185,https://www.rotularte.com.ar
Turismo,Royal World Cruices,,http://www.rwccruceros.com/
Retail,Rupless,,http://www.rupless.com.ar/
Retail,Salve Regina,32203605,http://www.salveregina.com.ar/
,Samsung,,http://www.samsung.com/ar/home/
Abogados,"SANCHEZ, LUPI & ASOCIADOS",,http://www.sanchezlupi.com/
Retail,Sarkany,0800-77-74259,http://www.rickysarkany.com/
,SatoshiTango,,https://www.satoshitango.com/
Retail,Saverio Di Ricci,,http://www.saveriodiricci.com/
,Sayen Iluminacin,011 3968 8480,http://www.sayen.com.ar/
Retail,SBN Subastas,,http://www.narvaezbid.com.ar/
Retail,SBS,,http://www.sbs.com.ar
Seguridad,Seguridad Actual,,http://www.seguridadactual.com.ar
Seguros,Seguro.com.ar,0800-147-5000,http://www.seguro.com.ar/
Seguros,Seguros en Directo,,https://segurosendirecto.com.ar/
Logstica,Sell2Ship,,http://sell2ship.com/
,SemExpert,,http://www.semexpert.com.ar/
Abogados,Seal,,www.marcasypatentes.com
Retail,Sensei,,http://sensei.com.ar/inicio/
,Seo Posicionamiento Express,,http://posicionamiento-seoexpress.com/
Retail,Shenshina,,http://WWW.SHENSHINA.COM
,Ship Now,,http://www.shipnow.com.ar/
Logstica,Shipeala,15-3018-2106,http://www.shipeala.com/
,Sibari,0341-4855840,http://sibari-style.com.ar/
,Signos,,www.pcsignos.com.ar
,Simbel,,http://www.simbel.com.ar/
,Simmons,011-4365-9450,http://www.simmons.com.ar/
,Simones,1569718288,http://www.simones.com.ar/
,Simonetta MKT,,http://www.simonettamkt.com.ar
Retail,SinEtiquetas.com,,http://www.sinetiquetas.com
,Sintec Tur S.A.,5554-7000/7001,http://www.sintectur.com.ar
Retail,Sky Blue,,http://www.skyblue.com.ar/
Comunicacin,SocialEyez,5238-7707,http://www.socialeyezla.com
Retail,SommierCenter,,http://www.sommiercenter.com
Retail,Sony Store Online,(011) 6770-7669,http://www.sony.com.ar/store
Logstica,South Post,,http://www.southpost.com.ar/
Retail,Soy Cuervo,,https://www.soycuervo.com/
,Speed Rider,+54 11 2045-1231,http://www.speedrider.com.ar/
Retail,Sporting,,http://www.Sporting.com.ar
Retail,Sportline,,http://WWW.SPORTLINE.COM.AR
,SPSS,,http://spss.com.ar/es/
Retail,Staples,,http://www.staples.com.ar/
Retail,Stock Center,,http://www.stockcenter.com.ar
Retail,Stone,,http://www.stone-jeans.com/
Retail,Su Promocin,,http://www.supromocion.com.ar/
Turismo,Submarino Viajes,0810 122 0136,http://www.submarinoviajes.com.ar
,Summa Solutions,(5411) 4836.2596,http://www.summasolutions.net/
,Syntaxis,0291-4563037,https://syntaxis.com.ar/
,SYT,,http://syt.net/
Retail,T&S Home,(011) 5263-0769,http://tshome.com.ar/
,Tannery,0341 4560800,http://www.tannery.com.ar/
,Tap,,http://www.tap-commerce.com/
Servicios,Target,,http://www.targetsl.com.ar
Servicio Full eCommerce,Tarjeta Naranja,,http://www.tiendanaranja.com
,Tarjeta PriVip,5253-1308,http://www.tarjetaprivip.com.ar/home.php
Marketing Online,Tas Digital,,http://www.tasdigital.com
Retail,Taverniti,,http://www.taverniti.com.ar/
,TBX Herramientas,011-5236-0344,http://tbxherramientas.com/6c-OFERTAS
,Tecsid,54 (011) 4667-3800,http://www.tecsid.com/
,TelasxMetro.com,1148643267,http://www.telasxmetro.com/
Retail,Telefnica Movil SA,,https://web.telefonica.com.ar
,Temaikn Bioparque,(0348) 443-6900,http://www.temaiken.org.ar/
Retail,Tenis Global,,http://www.tenisglobal.com.ar/
Retail,TeVeCompras,(011) 4858 - 8096,https://tevecompras.com/
Retail,Tevelin,,http://www.tevelin.com.ar
Retail,The Coco Room,,http://WWW.THECOCOROOM.COM
Retail,The Coco Room,,http://WWW.THECOCOROOM.COM
Alimentacin,The Food Market,1549393330,http://www.thefoodmarket.com.ar/
Retail,The Net Boutique,,http://www.thenetboutique.com/
Retail,They & They,,http://www.theyandthey.com
Plataformas,Ticketek,,http://www.ticketek.com.ar/
,Tienda Lbero,0810-888-6775,https://www.tiendalibero.com.ar/
Retail,Tienda Nap,,http://www.tiendanap.com/
,Tienda Objetos,011-5263-3736,https://www.tiendaobjetos.com.ar/
Retail,Tienda Pato Pampa,,http://www.tiendapatopampa.com
Retail,Tienda River,,https://www.tiendariver.com/
Retail,Tienda Velez,,www.tiendavelez.com.ar
,Tienda Virtual,0810-888-4363,http://www.tiendavirtual.com/
Desarrolladores web,Tiendanube,+5491155647116,http://www.tiendanube.com/
Retail,TiendaVirtual,,www.tiendavirtual.com
Turismo,Tije Travel,,http://www.tije.travel/
Logstica,TLA Transporte,,http://www.tlatransporte.com.ar/
,To Be Revenue,1165073481,http://www.toberevenue.com/#!/-bienvenido/
Retail,Todo Grifera,,http://www.todogriferia.com/
Retail,Todo Grifera,,http://www.todogriferia.com/
,TodoModa,,http://www.todomoda.com/argentina/index.php
,Tomas Web,11 5263-0546.,https://tomasweb.com.ar
Retail,Tonel Privado,,http://www.tonelprivado.com/
Hardware & software,Toolkit,,http://toolkit.com.ar/web/
Turismo,Top Trip,,http://www.toptrip.com
Retail,Topper,,http://www.topper.com.ar/
Retail,Tops,,http://www.topszapatos.com.ar/35c-Productos
Retail,Toys Depot,,http://www.toysdepot.com.ar/
Retail,Trabuco Hogar,,http://www.trabucohogar.com.ar/
Turismo,Transatlntica Viajes y Turismo,,https://www.transatlantica.travel/
,TRAVELERSVAN.COM,1169677662,https://travelersvan.com/sitio/
Turismo,Travelport,,http://www.travelport.com/ar
,Trip Now,5217-9777,http://www.tripnow.com.ar/
Marketing Online,Tripolis,4711 8958.,http://www.tripolis.com.ar/
,Triptongo,,http://www.triptongo.com.ar
Turismo,TTS Viajes,,http://www.ttsviajes.com/
Compras colectivas,TuQupon,,http://www.tuqupon.com
Turismo,Turismo Sur,,http://www.turismosur.com/
Plataformas,Tween SA,,http://www.tween.com.ar/
,Ubit,,http://www.universobit.com.ar/perfiles/empresa_ubit-2011_2548510.html
,Ukelele,4788 3843,http://www.ukelele.la/
,Ulula Information Technology,+54.11.4654.4767,http://ulula.net/es/
Retail,nico Club de Vinos,,http://www.unicoclubdevinos.com/site/
,Universal Assistance,4323-7800,http://www.universal-assistance.com
Logstica,Urbano,0810 222 8782,http://www.urbano.com.ar/
Retail,Vagon,011-3530-4447,http://www.vagon.com.ar/
Retail,Valkimya,,http://www.valkymia.com/
,Ven a Green Park,0810-555-7868,http://www.veniagreenpark.com/
Retail,Ventapel,,http://www.ventapel.com/
,Ver,4383-0550,http://www.ver.com.ar/home/
Pagos,Veraz S.A,,ttps://www.veraz.com.ar
Turismo,Viajes Tierra Sinai,,http://tierrasinai.com/
Turismo,Viajobien,,http://www.viajobien.com
,VirtuaCom,,http://www.virtuacom.net/
,Viru,+54 11 5984-2099,https://www.viru.com.ar/
,Visin Empresarial Comunicacin,,http://www.visionempresarial.info/
,Vitaminasa.com,,http://www.vitaminasa.com/
Retail,Vivoensale,,http://www.vivoensale.com
Turismo,VON TRIP,,www.vontrip.com
,VTEX,,http://www.vtex.com/
Retail,Walkin Berlin,,http://www.walkinberlin.com.ar
Retail,Walmart,,http://www.walmart.com.ar/
Retail,Wanama,,http://www.Wanama.com
,Web Centrix,,http://www.wcentrix.com/
Logstica,Web Pack,,http://www.webpack.com.ar/
,WebExperto Software,,http://www.web-experto.com.ar/index.cgi
Entretenimientos,Weegoo,,https://www.weegoo.com.ar/
Logstica,Welivery,011 5218 5609,http://welivery.com.ar/
Retail,Whirpool Store,,http://www.whirlpoolstore.com.ar/
Marketing Online,WinClap,,http://www.winclap.com
,Winery,,http://www.winery.com.ar/
,Wonoma,1140856256,http://www.wonoma.com/#/
Marketing Online,Woow up,,http://www.woowup.com
,XL Extra Large,,http://www.xlshop.com.ar/
Retail,xuangi,,www.xuangi.com
Retail,Yagmour,,http://www.yagmour.com.ar/
,Zelucash,011 41042000,http://www.zelucash.com/
Desarrolladores web,Zilber Group,,http://www.zilber.com.ar/
,Zonabiz.com,,https://www.zonabiz.com/
,ZonaJobs,,https://www.zonajobs.com.ar/empresas/
,ZonaProp,,http://www.zonaprop.com.ar/
Turismo,ZonaTrip,,http://www.zonatrip.com
